{"type":"FeatureCollection","features":[{"type":"Feature","properties":{"region_name":"Samarqand viloyati"},"geometry":{"type":"MultiPolygon","coordinates":[[[[66.8785,40.34449],[66.87865,40.33472],[66.87199,40.33072],[66.8708,40.32161],[66.86176,40.31953],[66.85956,40.31105],[66.86588,40.31057],[66.8712,40.30162],[66.87984,40.29747],[66.8821,40.27886],[66.88509,40.27759],[66.88066,40.27038],[66.88212,40.26327],[66.87736,40.26052],[66.87993,40.25107],[66.89905,40.23939],[66.90744,40.24467],[66.90758,40.24009],[66.91799,40.24246],[66.92959,40.23576],[66.93925,40.23527],[66.94882,40.22354],[66.96088,40.22777],[66.95918,40.20781],[66.97158,40.19843],[66.98646,40.20457],[66.99343,40.19938],[66.98682,40.19162],[66.98736,40.18394],[66.98257,40.17189],[66.95916,40.14838],[66.92674,40.12718],[66.93415,40.12357],[66.94604,40.12704],[66.96232,40.11888],[66.97167,40.1202],[66.97531,40.11701],[66.99181,40.11428],[67.02733,40.09731],[67.03301,40.08999],[67.05425,40.07772],[67.04843,40.07233],[67.05268,40.0716],[67.05642,40.06274],[67.05975,40.02826],[67.07391,40.0285],[67.08283,40.02445],[67.07771,40.02018],[67.05262,40.01528],[67.04864,40.00927],[67.04305,40.0103],[67.02137,39.99924],[67.05354,39.96866],[67.07745,39.98679],[67.09682,39.94073],[67.13891,39.93185],[67.15769,39.93384],[67.17762,39.92182],[67.19188,39.92607],[67.20337,39.93572],[67.21303,39.93257],[67.23066,39.91699],[67.25245,39.9157],[67.25664,39.92203],[67.26314,39.92374],[67.27506,39.91486],[67.29222,39.91905],[67.31269,39.91664],[67.31612,39.9134],[67.34635,39.91596],[67.3641,39.90635],[67.37274,39.91326],[67.37708,39.91211],[67.40711,39.92376],[67.41129,39.92161],[67.40209,39.91727],[67.40895,39.91274],[67.40219,39.90829],[67.40649,39.90542],[67.40941,39.89668],[67.43548,39.8791],[67.43534,39.87315],[67.4507,39.87034],[67.47274,39.87394],[67.47162,39.87071],[67.47487,39.86881],[67.47093,39.86352],[67.47721,39.85943],[67.47449,39.85508],[67.4785,39.85352],[67.47892,39.84946],[67.492,39.84824],[67.49157,39.8415],[67.51359,39.83095],[67.51592,39.82777],[67.51347,39.82422],[67.52703,39.82675],[67.53587,39.82279],[67.52014,39.8181],[67.52109,39.81501],[67.52606,39.81478],[67.52383,39.81175],[67.52753,39.80968],[67.52599,39.80764],[67.51155,39.8144],[67.47764,39.80084],[67.47586,39.79966],[67.48314,39.79217],[67.46524,39.78364],[67.4673,39.77759],[67.43881,39.77312],[67.40129,39.75054],[67.39206,39.74872],[67.38051,39.7396],[67.40284,39.7109],[67.4051,39.69395],[67.39754,39.69231],[67.39455,39.68801],[67.39601,39.67018],[67.40151,39.66879],[67.40057,39.66451],[67.40607,39.66575],[67.40417,39.66023],[67.40187,39.66068],[67.40135,39.64922],[67.41665,39.64677],[67.41715,39.64206],[67.42045,39.64135],[67.41403,39.63494],[67.42316,39.63044],[67.43007,39.63754],[67.43487,39.64914],[67.44794,39.64098],[67.47344,39.63174],[67.47537,39.62795],[67.46765,39.62119],[67.47184,39.61323],[67.46976,39.60036],[67.48705,39.58115],[67.46716,39.57751],[67.45338,39.57937],[67.45821,39.57336],[67.45117,39.56894],[67.4502,39.56241],[67.44399,39.55493],[67.44479,39.55078],[67.46916,39.54066],[67.47265,39.53577],[67.47106,39.53182],[67.46386,39.53089],[67.43071,39.53927],[67.40743,39.54025],[67.41249,39.53488],[67.40189,39.53336],[67.3944,39.52305],[67.39973,39.51939],[67.39832,39.51567],[67.40313,39.51444],[67.40433,39.50854],[67.44291,39.49478],[67.4648,39.46437],[67.46306,39.44531],[67.45607,39.44069],[67.46311,39.43617],[67.46087,39.42409],[67.47498,39.41016],[67.48278,39.40863],[67.4875,39.37785],[67.48389,39.37381],[67.48254,39.36255],[67.47495,39.35507],[67.47008,39.34428],[67.47432,39.32612],[67.46633,39.31551],[67.43244,39.3094],[67.41988,39.30974],[67.41285,39.31315],[67.40427,39.30987],[67.38336,39.31421],[67.36432,39.30809],[67.3556,39.30956],[67.33536,39.30538],[67.32246,39.31197],[67.29351,39.31779],[67.28322,39.31101],[67.27029,39.31865],[67.25769,39.3179],[67.21948,39.33021],[67.20784,39.32839],[67.18357,39.33862],[67.17632,39.33714],[67.17166,39.33205],[67.15701,39.33338],[67.13372,39.34635],[67.10263,39.34549],[67.0881,39.35333],[67.08257,39.34841],[67.07593,39.35224],[67.06305,39.34559],[67.05241,39.34843],[67.05305,39.33558],[67.04877,39.32896],[67.05663,39.32349],[67.05988,39.31674],[67.05487,39.31061],[67.04086,39.30662],[67.02476,39.28696],[67.02486,39.27855],[67.01798,39.27916],[67.01714,39.2736],[67.01447,39.27593],[67.00868,39.26909],[67.00031,39.26876],[66.99937,39.27308],[66.98715,39.27515],[66.98724,39.28599],[66.96739,39.28862],[66.96024,39.28649],[66.9511,39.28942],[66.94807,39.2856],[66.94208,39.28666],[66.94034,39.28325],[66.89929,39.28239],[66.88887,39.28555],[66.88852,39.29115],[66.88402,39.29308],[66.87928,39.28598],[66.86251,39.28396],[66.84785,39.29809],[66.87,39.30396],[66.8709,39.31097],[66.86786,39.31553],[66.87994,39.32817],[66.88016,39.33487],[66.87497,39.3389],[66.87345,39.34607],[66.85971,39.34647],[66.87309,39.36632],[66.87581,39.37668],[66.87139,39.38043],[66.86516,39.37938],[66.8671,39.40079],[66.86103,39.41019],[66.86006,39.4193],[66.85201,39.42514],[66.83797,39.42278],[66.82271,39.4155],[66.80764,39.42039],[66.7979,39.41925],[66.77284,39.42853],[66.77087,39.43576],[66.77318,39.44533],[66.76849,39.45124],[66.74065,39.4531],[66.71223,39.44057],[66.67997,39.44119],[66.66175,39.43309],[66.64901,39.43461],[66.63585,39.42732],[66.6332,39.42054],[66.62529,39.41563],[66.62163,39.39886],[66.6169,39.39838],[66.61071,39.38612],[66.60176,39.38125],[66.5787,39.37954],[66.57207,39.37232],[66.55907,39.37467],[66.55361,39.36967],[66.53215,39.38265],[66.5192,39.36928],[66.51879,39.35236],[66.50221,39.34881],[66.49344,39.35722],[66.47337,39.36322],[66.47155,39.36663],[66.46431,39.36455],[66.45184,39.37824],[66.44057,39.38274],[66.43549,39.38164],[66.42921,39.38784],[66.42381,39.38742],[66.42269,39.39075],[66.4164,39.39004],[66.40925,39.40328],[66.38518,39.40203],[66.379,39.39656],[66.36133,39.39749],[66.35533,39.39321],[66.33879,39.39572],[66.3364,39.38767],[66.32635,39.38609],[66.32581,39.37923],[66.3082,39.37002],[66.29872,39.38946],[66.27225,39.38664],[66.27157,39.4009],[66.25053,39.41501],[66.249,39.41353],[66.2452,39.41901],[66.24071,39.41639],[66.23405,39.41896],[66.20887,39.40315],[66.18417,39.38196],[66.1658,39.39331],[66.14516,39.39512],[66.1435,39.38802],[66.12267,39.37995],[66.11785,39.36479],[66.10745,39.35111],[66.11203,39.34559],[66.12217,39.34116],[66.08926,39.32124],[66.08067,39.30921],[66.06514,39.30914],[66.06468,39.31415],[66.02964,39.3164],[66.00844,39.32191],[66.00385,39.32018],[66.00527,39.32213],[66.00041,39.32399],[65.99377,39.32202],[65.99557,39.32524],[65.98271,39.33259],[65.95506,39.3704],[65.95818,39.37593],[65.92181,39.38738],[65.91978,39.43462],[65.84461,39.47826],[65.83275,39.49072],[65.83605,39.49233],[65.81654,39.50949],[65.79136,39.55416],[65.77589,39.55021],[65.74866,39.55842],[65.74296,39.55763],[65.7407,39.54996],[65.74026,39.5527],[65.74667,39.52701],[65.73248,39.50962],[65.68183,39.48245],[65.59466,39.4816],[65.54913,39.46841],[65.42846,39.47037],[65.33563,39.48197],[65.26585,39.48569],[65.24196,39.52023],[65.21241,39.59401],[65.23922,39.71494],[65.23482,39.75175],[65.22179,39.79578],[65.21793,39.79465],[65.20028,39.81545],[65.20282,39.81756],[65.19488,39.82107],[65.20068,39.82489],[65.19069,39.82862],[65.19405,39.83132],[65.19217,39.83561],[65.17983,39.83924],[65.18395,39.84158],[65.17176,39.8568],[65.17444,39.8585],[65.15108,39.8832],[65.23731,39.88993],[65.23798,39.89209],[65.26706,39.88771],[65.27721,39.8919],[65.29252,39.90582],[65.28608,39.90788],[65.29331,39.91615],[65.29415,39.92482],[65.30433,39.92592],[65.31552,39.9333],[65.32729,39.93556],[65.33864,39.93079],[65.34634,39.92542],[65.34518,39.92323],[65.38242,39.918],[65.40535,39.91904],[65.42186,39.90993],[65.43004,39.91069],[65.44483,39.90516],[65.44983,39.90774],[65.45635,39.90168],[65.46236,39.90123],[65.45929,39.91797],[65.46501,39.93752],[65.468,39.93866],[65.4653,39.95956],[65.47,39.95971],[65.46327,39.96774],[65.46674,39.9724],[65.46422,39.98122],[65.45435,39.9877],[65.46143,39.99617],[65.47823,40.00106],[65.4834,40.00859],[65.48181,40.01444],[65.48538,40.01731],[65.4766,40.02817],[65.47601,40.03917],[65.47219,40.04518],[65.44477,40.04883],[65.44066,40.05149],[65.44068,40.05631],[65.44355,40.06112],[65.4549,40.06134],[65.461,40.06852],[65.4609,40.07291],[65.46498,40.07294],[65.46552,40.0856],[65.48141,40.10066],[65.49038,40.11659],[65.49046,40.12257],[65.51483,40.14431],[65.51821,40.15666],[65.51104,40.15767],[65.51426,40.16247],[65.52336,40.1631],[65.53306,40.17072],[65.53863,40.16378],[65.54721,40.16387],[65.54448,40.15977],[65.54888,40.15431],[65.54668,40.148],[65.55252,40.14768],[65.55319,40.14383],[65.55808,40.1452],[65.56326,40.13991],[65.57044,40.14148],[65.56931,40.13758],[65.57628,40.13838],[65.58548,40.13114],[65.60037,40.13294],[65.60361,40.12447],[65.60186,40.11837],[65.61022,40.11676],[65.61286,40.1194],[65.61591,40.1101],[65.62437,40.1098],[65.62467,40.11288],[65.63255,40.11071],[65.63734,40.10472],[65.63953,40.10992],[65.64857,40.10879],[65.65097,40.10293],[65.66462,40.0938],[65.67301,40.08243],[65.66666,40.07494],[65.66505,40.06618],[65.66805,40.06171],[65.67516,40.06281],[65.67977,40.0582],[65.6841,40.06268],[65.68425,40.05828],[65.68902,40.05896],[65.69042,40.05559],[65.69948,40.0555],[65.70597,40.05897],[65.70684,40.05407],[65.71454,40.05275],[65.71673,40.04684],[65.72673,40.04934],[65.72986,40.04503],[65.7364,40.0441],[65.73411,40.03819],[65.74153,40.03579],[65.74736,40.03873],[65.74813,40.03586],[65.75464,40.03661],[65.77376,40.02899],[65.78536,40.02815],[65.78629,40.03035],[65.78846,40.02793],[65.79452,40.03258],[65.80059,40.02992],[65.81226,40.03274],[65.81312,40.03007],[65.81849,40.03034],[65.81868,40.02725],[65.82663,40.02818],[65.82372,40.02309],[65.83075,40.02523],[65.82995,40.01942],[65.83756,40.01735],[65.83705,40.01214],[65.84515,40.01165],[65.84712,40.00824],[65.8654,40.00668],[65.87083,40.01151],[65.87503,40.00885],[65.88933,40.01525],[65.89485,40.01399],[65.89379,40.01801],[65.90041,40.01634],[65.9082,40.01896],[65.91567,40.01528],[65.92032,40.02077],[65.92182,40.01594],[65.93389,40.01562],[65.95281,40.00916],[65.95996,40.01753],[65.98264,40.02475],[65.98904,40.03064],[65.99756,40.03182],[65.99893,40.02688],[66.00326,40.02973],[66.0152,40.02809],[66.01906,40.03536],[66.03046,40.03578],[66.03137,40.03818],[66.04178,40.03443],[66.04495,40.03692],[66.05266,40.02926],[66.055,40.0339],[66.07634,40.03234],[66.07561,40.03674],[66.08018,40.03458],[66.08273,40.04038],[66.08621,40.03865],[66.09118,40.04137],[66.09337,40.05116],[66.09997,40.05642],[66.11205,40.05413],[66.12942,40.05783],[66.13159,40.06231],[66.13527,40.06164],[66.13773,40.06572],[66.15154,40.07034],[66.16041,40.08537],[66.1609,40.10139],[66.15636,40.11236],[66.15825,40.11631],[66.16984,40.1161],[66.16589,40.12444],[66.16807,40.13294],[66.17569,40.14414],[66.18078,40.14527],[66.18889,40.15487],[66.18192,40.15942],[66.18055,40.16402],[66.17778,40.16424],[66.17919,40.16184],[66.17611,40.16231],[66.16742,40.15026],[66.13373,40.15681],[66.13875,40.16043],[66.12634,40.16161],[66.13388,40.16734],[66.13972,40.18403],[66.14206,40.20778],[66.13752,40.22269],[66.14083,40.23158],[66.14636,40.23286],[66.14991,40.24109],[66.15721,40.24639],[66.15607,40.25135],[66.16611,40.25835],[66.16842,40.27657],[66.19073,40.29636],[66.19247,40.30708],[66.19666,40.30893],[66.19935,40.30664],[66.20186,40.31049],[66.19417,40.3259],[66.19477,40.34646],[66.19168,40.34992],[66.1948,40.36039],[66.19746,40.35979],[66.20071,40.36754],[66.20977,40.37478],[66.21271,40.38765],[66.21656,40.386],[66.21715,40.39139],[66.23379,40.41674],[66.21187,40.4184],[66.21924,40.44352],[66.19354,40.44659],[66.20126,40.46862],[66.20982,40.47283],[66.21415,40.48392],[66.22964,40.47966],[66.2363,40.48124],[66.23523,40.48637],[66.22809,40.48687],[66.22509,40.49066],[66.21981,40.50292],[66.22667,40.52219],[66.2261,40.53776],[66.23064,40.54895],[66.23359,40.57239],[66.24488,40.58986],[66.24312,40.60106],[66.24771,40.60666],[66.24431,40.61638],[66.26768,40.62058],[66.27399,40.64058],[66.27827,40.64719],[66.28396,40.64874],[66.28203,40.65299],[66.30764,40.66866],[66.30879,40.6839],[66.31709,40.6892],[66.31159,40.69735],[66.31905,40.70426],[66.31516,40.70505],[66.3137,40.70909],[66.31494,40.71904],[66.30972,40.72343],[66.3114,40.72713],[66.34435,40.72071],[66.34491,40.72328],[66.3937,40.71781],[66.39617,40.71997],[66.43737,40.70572],[66.44004,40.70864],[66.45054,40.70929],[66.4591,40.70688],[66.45982,40.69475],[66.46802,40.68181],[66.46661,40.67569],[66.44806,40.66797],[66.45211,40.64972],[66.47321,40.63748],[66.48659,40.63688],[66.51169,40.62287],[66.52252,40.62615],[66.53538,40.61785],[66.55261,40.6165],[66.55924,40.60929],[66.55738,40.59572],[66.56515,40.58967],[66.56837,40.58127],[66.58446,40.57968],[66.60139,40.56951],[66.58805,40.54921],[66.61804,40.54061],[66.62957,40.54056],[66.6371,40.53819],[66.63549,40.53553],[66.63873,40.5334],[66.66685,40.52702],[66.66798,40.52057],[66.66131,40.49677],[66.65342,40.49145],[66.65279,40.47606],[66.65697,40.47316],[66.68163,40.47369],[66.72064,40.49418],[66.72942,40.48527],[66.75161,40.47483],[66.75819,40.46808],[66.76898,40.47106],[66.76964,40.47913],[66.77365,40.48189],[66.78212,40.48312],[66.80838,40.47658],[66.85605,40.48799],[66.86061,40.478],[66.87291,40.47183],[66.89945,40.43561],[66.89743,40.41362],[66.89304,40.4055],[66.88295,40.402],[66.88754,40.39443],[66.8836,40.37293],[66.8786,40.3633],[66.88247,40.35098],[66.8785,40.34449]]]]}},{"type":"Feature","properties":{"region_name":"Jizzax viloyati"},"geometry":{"type":"MultiPolygon","coordinates":[[[[67.48641,39.58112],[67.46976,39.60036],[67.47184,39.61323],[67.46765,39.62119],[67.47537,39.62795],[67.47344,39.63174],[67.44794,39.64098],[67.43487,39.64914],[67.43007,39.63754],[67.42316,39.63044],[67.41403,39.63494],[67.42045,39.64135],[67.41715,39.64206],[67.41665,39.64677],[67.40135,39.64922],[67.40187,39.66068],[67.40417,39.66023],[67.40607,39.66575],[67.40057,39.66451],[67.40151,39.66879],[67.39601,39.67018],[67.39455,39.68801],[67.39754,39.69231],[67.4051,39.69395],[67.40284,39.7109],[67.38051,39.7396],[67.39206,39.74872],[67.40129,39.75054],[67.43881,39.77312],[67.4673,39.77759],[67.46524,39.78364],[67.48314,39.79217],[67.47586,39.79966],[67.47764,39.80084],[67.51155,39.8144],[67.52599,39.80764],[67.52753,39.80968],[67.52383,39.81175],[67.52606,39.81478],[67.52109,39.81501],[67.52014,39.8181],[67.53575,39.82296],[67.52703,39.82675],[67.51347,39.82422],[67.51592,39.82777],[67.51359,39.83095],[67.49157,39.8415],[67.492,39.84824],[67.47892,39.84946],[67.4785,39.85352],[67.47449,39.85508],[67.47721,39.85943],[67.47093,39.86352],[67.47487,39.86881],[67.47162,39.87071],[67.47274,39.87394],[67.4507,39.87034],[67.43534,39.87315],[67.43548,39.8791],[67.40941,39.89668],[67.40649,39.90542],[67.40219,39.90829],[67.40895,39.91274],[67.40209,39.91727],[67.41129,39.92161],[67.40711,39.92376],[67.37708,39.91211],[67.37274,39.91326],[67.3641,39.90635],[67.34635,39.91596],[67.31612,39.9134],[67.31269,39.91664],[67.29222,39.91905],[67.27506,39.91486],[67.26314,39.92374],[67.25664,39.92203],[67.25245,39.9157],[67.23066,39.91699],[67.21303,39.93257],[67.20337,39.93572],[67.19188,39.92607],[67.17762,39.92182],[67.15769,39.93384],[67.13891,39.93185],[67.09682,39.94073],[67.07745,39.98679],[67.05367,39.96857],[67.02137,39.99924],[67.04305,40.0103],[67.04864,40.00927],[67.05262,40.01528],[67.07702,40.01998],[67.08254,40.02372],[67.07391,40.0285],[67.05975,40.02826],[67.05642,40.06274],[67.05268,40.0716],[67.04843,40.07233],[67.05425,40.07772],[67.03301,40.08999],[67.02687,40.0976],[66.99181,40.11428],[66.97531,40.11701],[66.97167,40.1202],[66.96232,40.11888],[66.94604,40.12704],[66.93415,40.12357],[66.92674,40.12718],[66.95916,40.14838],[66.98257,40.17189],[66.98736,40.18394],[66.98682,40.19162],[66.99285,40.20104],[66.98646,40.20457],[66.97095,40.19865],[66.95795,40.2092],[66.96088,40.22777],[66.94882,40.22354],[66.93959,40.23514],[66.92959,40.23576],[66.91799,40.24246],[66.90758,40.24009],[66.90767,40.24464],[66.89808,40.23969],[66.87806,40.25469],[66.87736,40.26052],[66.88212,40.26327],[66.88066,40.27038],[66.88509,40.27759],[66.8821,40.27886],[66.87984,40.29747],[66.8712,40.30162],[66.86588,40.31057],[66.85956,40.31105],[66.86176,40.31953],[66.8708,40.32161],[66.87199,40.33072],[66.87865,40.33472],[66.87701,40.34296],[66.88247,40.35098],[66.8786,40.3633],[66.8836,40.37293],[66.88754,40.39443],[66.88295,40.402],[66.89315,40.40558],[66.89902,40.4183],[66.89643,40.42166],[66.89967,40.4255],[66.89945,40.43561],[66.89275,40.4422],[66.8921,40.44776],[66.88619,40.45083],[66.87283,40.47191],[66.86061,40.478],[66.85558,40.48815],[66.80838,40.47658],[66.78212,40.48312],[66.77365,40.48189],[66.76964,40.47913],[66.76898,40.47106],[66.75819,40.46808],[66.75161,40.47483],[66.72942,40.48527],[66.72064,40.49418],[66.68163,40.47369],[66.6572,40.47306],[66.65294,40.47565],[66.65355,40.49186],[66.66118,40.49647],[66.66798,40.52057],[66.66481,40.53096],[66.67165,40.54577],[66.66855,40.55753],[66.68006,40.56988],[66.68721,40.58385],[66.68532,40.60119],[66.69251,40.61247],[66.70875,40.62716],[66.7165,40.65833],[66.72818,40.67181],[66.75146,40.68848],[66.77176,40.71773],[66.77862,40.738],[66.77784,40.77681],[66.76679,40.84725],[66.74872,40.89564],[66.67812,40.90877],[66.66919,40.91832],[66.66085,40.96118],[66.65653,41.00061],[66.65767,41.08311],[66.72928,41.08356],[66.72578,41.14178],[66.97756,41.14133],[67.01329,41.13838],[67.3128,41.13474],[67.72214,41.19604],[67.86595,41.1354],[67.89123,41.15295],[67.96712,41.14806],[67.98868,41.08811],[67.98429,41.06343],[67.98763,41.04615],[67.9867,41.03153],[67.9843,41.02726],[67.97747,41.0283],[67.97807,41.02339],[68.01949,41.01903],[68.01785,41.02186],[68.00628,41.0238],[68.01656,41.03333],[68.01574,41.03873],[68.02606,41.03927],[68.04084,41.04561],[68.05022,41.04299],[68.06304,41.07349],[68.07014,41.08125],[68.07954,41.08284],[68.10131,41.06888],[68.11221,41.06788],[68.11832,41.048],[68.12647,41.04512],[68.12718,41.03878],[68.12675,41.03221],[68.11089,41.03548],[68.08779,41.03231],[68.07985,41.02949],[68.07524,41.02328],[68.0476,41.02053],[68.0576,41.0069],[68.06768,41.00916],[68.08215,41.00216],[68.08375,40.99789],[68.0788,40.99488],[68.08421,40.97617],[68.09072,40.97348],[68.08088,40.96484],[68.08077,40.95586],[68.09673,40.93662],[68.0886,40.92577],[68.07298,40.92449],[68.07136,40.90761],[68.06732,40.9033],[68.07022,40.89898],[68.06542,40.89281],[68.06673,40.8833],[68.06002,40.87537],[68.05993,40.86773],[68.04264,40.86944],[68.03277,40.86626],[68.02792,40.86423],[68.02167,40.853],[67.97255,40.86135],[67.97197,40.8509],[67.98039,40.84056],[67.97609,40.83244],[68.02272,40.8015],[68.07579,40.79043],[68.15807,40.72601],[68.21696,40.68839],[68.2487,40.67619],[68.19669,40.57314],[68.1961,40.55987],[68.18097,40.57108],[68.15171,40.54625],[68.13865,40.49783],[68.1932,40.48873],[68.19103,40.43628],[68.21262,40.41952],[68.09302,40.31798],[68.1148,40.30449],[68.1347,40.26849],[68.15438,40.27283],[68.24674,40.26888],[68.27906,40.26024],[68.29552,40.25109],[68.34367,40.25436],[68.37809,40.25927],[68.39931,40.26594],[68.43268,40.26872],[68.51016,40.25086],[68.53973,40.25077],[68.61209,40.26202],[68.61597,40.22118],[68.58307,40.21548],[68.60177,40.16023],[68.53346,40.14495],[68.53117,40.11853],[68.59909,40.09156],[68.60051,40.08255],[68.59591,40.0791],[68.6058,40.06578],[68.6905,40.09686],[68.73432,40.10369],[68.76774,40.10143],[68.77225,40.10609],[68.79945,40.11773],[68.8374,40.12048],[68.84605,40.12356],[68.84657,40.1276],[68.85886,40.12806],[68.87978,40.13823],[68.92206,40.15149],[68.94838,40.15371],[68.97964,40.15009],[68.99619,40.16069],[69.03487,40.16088],[69.03272,40.11807],[68.99796,40.08678],[68.98468,40.08702],[68.97233,40.07882],[68.97128,40.06776],[68.97803,40.05768],[68.97954,40.04348],[68.97139,40.04608],[68.96009,40.0623],[68.91437,40.05994],[68.90677,40.06597],[68.8966,40.05954],[68.89877,40.04431],[68.89366,40.0441],[68.88799,40.05587],[68.89326,40.06514],[68.84899,40.07259],[68.84397,40.06888],[68.85477,40.05791],[68.86329,40.05785],[68.86325,40.05139],[68.85641,40.04671],[68.88205,40.01228],[68.88632,39.99498],[68.9146,39.9697],[68.91752,39.96159],[68.91463,39.95688],[68.91832,39.95468],[68.92578,39.92938],[68.92832,39.92957],[68.92639,39.93686],[68.93079,39.93647],[68.93201,39.92932],[68.94432,39.91964],[68.93492,39.91985],[68.93129,39.91708],[68.93321,39.91293],[68.92345,39.90992],[68.91945,39.89296],[68.91367,39.888],[68.91354,39.87693],[68.90808,39.8737],[68.90807,39.86742],[68.90063,39.86098],[68.88634,39.85974],[68.85,39.86752],[68.85043,39.88618],[68.85479,39.89449],[68.85275,39.9021],[68.85516,39.9205],[68.84755,39.92886],[68.84798,39.93881],[68.84297,39.95033],[68.83107,39.96463],[68.8219,39.98516],[68.82209,39.97827],[68.81408,39.97478],[68.81483,39.9679],[68.81875,39.96769],[68.82359,39.94822],[68.82949,39.94646],[68.83134,39.93607],[68.83643,39.93246],[68.83457,39.92582],[68.8382,39.91388],[68.8435,39.90889],[68.84178,39.88883],[68.83141,39.88116],[68.82715,39.86926],[68.82387,39.86827],[68.8233,39.87066],[68.82055,39.86482],[68.80661,39.87501],[68.7952,39.86686],[68.78986,39.85354],[68.79372,39.83672],[68.78871,39.83964],[68.79254,39.82865],[68.77749,39.83901],[68.76787,39.85764],[68.76934,39.87311],[68.77396,39.88125],[68.77069,39.88293],[68.76788,39.88085],[68.77015,39.87521],[68.75498,39.8722],[68.76073,39.8607],[68.75781,39.8568],[68.76042,39.84328],[68.75699,39.83858],[68.7537,39.8399],[68.75272,39.83451],[68.72679,39.85378],[68.71818,39.85249],[68.71444,39.84656],[68.70596,39.85162],[68.69144,39.83717],[68.67996,39.83237],[68.67025,39.83527],[68.66778,39.84443],[68.64469,39.84745],[68.63973,39.85507],[68.63286,39.8189],[68.64231,39.80831],[68.63679,39.78993],[68.64063,39.77565],[68.62395,39.74653],[68.60733,39.73764],[68.5997,39.72002],[68.60329,39.70833],[68.62526,39.69613],[68.6293,39.68471],[68.62405,39.67361],[68.62044,39.64137],[68.6117,39.63734],[68.60486,39.62706],[68.57817,39.62139],[68.56869,39.60139],[68.53739,39.58484],[68.53556,39.57077],[68.54663,39.56015],[68.54111,39.5488],[68.54831,39.53929],[68.54405,39.53347],[68.5163,39.53248],[68.49231,39.54298],[68.47934,39.53608],[68.466,39.53719],[68.45567,39.53328],[68.39122,39.54403],[68.36763,39.53042],[68.35613,39.5323],[68.34975,39.5393],[68.30922,39.55435],[68.29807,39.55016],[68.28581,39.55983],[68.26823,39.55825],[68.25054,39.56224],[68.24109,39.55685],[68.21097,39.55203],[68.19504,39.5553],[68.17452,39.56676],[68.15724,39.56284],[68.14498,39.56515],[68.1305,39.55965],[68.11384,39.56153],[68.07721,39.57776],[68.06524,39.57445],[68.04101,39.57862],[68.02211,39.58742],[68.00259,39.59099],[67.97336,39.6055],[67.95166,39.60394],[67.93906,39.59891],[67.9166,39.60739],[67.89455,39.61154],[67.88201,39.61767],[67.87446,39.62859],[67.85315,39.62516],[67.83472,39.63267],[67.81186,39.65086],[67.79398,39.65758],[67.78322,39.64698],[67.76531,39.64042],[67.73986,39.64764],[67.71334,39.66029],[67.70685,39.66023],[67.68791,39.64349],[67.67071,39.64067],[67.66265,39.64366],[67.64846,39.63423],[67.64629,39.62552],[67.6359,39.62585],[67.63224,39.61824],[67.62755,39.61574],[67.62825,39.60049],[67.61951,39.6016],[67.60813,39.5979],[67.60005,39.60134],[67.59095,39.59737],[67.58247,39.60213],[67.57601,39.59618],[67.56493,39.59535],[67.55644,39.58921],[67.53365,39.59083],[67.53152,39.5861],[67.51921,39.58059],[67.5076,39.5796],[67.49884,39.5838],[67.48641,39.58112]]]]}},{"type":"Feature","properties":{"region_name":"Andijon viloyati"},"geometry":{"type":"MultiPolygon","coordinates":[[[[72.25295,40.4789],[72.24283,40.48637],[72.24211,40.48263],[72.20058,40.48645],[72.19888,40.48088],[72.19289,40.48083],[72.1872,40.48481],[72.18605,40.49408],[72.17334,40.49221],[72.1753,40.50475],[72.19136,40.51267],[72.19923,40.5253],[72.21452,40.53712],[72.21144,40.54261],[72.21289,40.54618],[72.196,40.54769],[72.19645,40.55635],[72.17664,40.56734],[72.1721,40.56887],[72.16129,40.56278],[72.13877,40.57545],[72.13779,40.58258],[72.14383,40.59427],[72.13404,40.59241],[72.12982,40.58666],[72.10676,40.5882],[72.10905,40.5955],[72.0983,40.60352],[72.09665,40.61119],[72.09164,40.61549],[72.07975,40.61112],[72.07121,40.61105],[72.06873,40.6152],[72.05791,40.61115],[72.0105,40.61446],[71.99655,40.60586],[71.98655,40.61672],[71.97165,40.62202],[71.90272,40.62546],[71.85771,40.645],[71.84106,40.64762],[71.83048,40.65624],[71.82585,40.67348],[71.80839,40.68336],[71.77012,40.69716],[71.74685,40.71205],[71.72847,40.70796],[71.68111,40.71842],[71.68151,40.7233],[71.65444,40.74682],[71.63532,40.73263],[71.62965,40.7215],[71.62949,40.71438],[71.63414,40.70823],[71.6325,40.70155],[71.63025,40.69521],[71.6229,40.68993],[71.63734,40.66605],[71.62427,40.66331],[71.58695,40.63042],[71.57926,40.65309],[71.53706,40.71291],[71.49525,40.73482],[71.5816,40.75444],[71.561,40.78583],[71.54641,40.79669],[71.58229,40.82448],[71.57544,40.83007],[71.59515,40.84536],[71.60884,40.85245],[71.63121,40.84993],[71.63381,40.85674],[71.64067,40.85622],[71.6473,40.86241],[71.6552,40.86441],[71.65823,40.86943],[71.66958,40.86639],[71.68279,40.87118],[71.69349,40.884],[71.70685,40.89037],[71.71424,40.88401],[71.72077,40.88276],[71.74412,40.89465],[71.75167,40.89502],[71.75785,40.89146],[71.76053,40.89904],[71.77056,40.89209],[71.78304,40.89371],[71.78864,40.89643],[71.78278,40.89948],[71.78375,40.90329],[71.79613,40.90001],[71.79571,40.91022],[71.803,40.91373],[71.81244,40.90759],[71.82224,40.91875],[71.84704,40.91589],[71.859,40.92194],[71.88428,40.92567],[71.88687,40.92421],[71.88421,40.91655],[71.88649,40.91366],[71.89093,40.91223],[71.91202,40.91958],[71.91753,40.91196],[71.92915,40.91014],[71.9341,40.89738],[71.94323,40.8991],[71.95989,40.8896],[71.96273,40.89175],[71.96106,40.89678],[71.9672,40.90174],[71.97249,40.89034],[71.98523,40.89203],[72.00472,40.88723],[72.01071,40.89303],[72.01397,40.88223],[72.02263,40.88133],[72.02099,40.8854],[72.02978,40.88337],[72.0428,40.89162],[72.04423,40.88748],[72.03508,40.88422],[72.039,40.8821],[72.04872,40.88461],[72.04685,40.89208],[72.0542,40.89903],[72.06345,40.89942],[72.06042,40.89409],[72.06844,40.89096],[72.07545,40.89633],[72.08781,40.89397],[72.09025,40.88923],[72.08362,40.88454],[72.09135,40.8842],[72.0934,40.87745],[72.10883,40.88122],[72.10311,40.88966],[72.11735,40.88334],[72.12526,40.88955],[72.12666,40.8957],[72.12958,40.89548],[72.12998,40.90276],[72.13393,40.90749],[72.13067,40.90814],[72.13163,40.91252],[72.14773,40.91676],[72.15101,40.92742],[72.14776,40.93323],[72.15141,40.94571],[72.16185,40.94995],[72.16423,40.94675],[72.16726,40.94838],[72.16503,40.95123],[72.17727,40.95801],[72.17475,40.97311],[72.17971,40.98249],[72.17471,40.98836],[72.18423,40.99691],[72.22386,41.00011],[72.24194,41.00512],[72.24663,41.0037],[72.24536,41.00078],[72.27865,41.01569],[72.28943,41.0284],[72.30403,41.02941],[72.30794,41.03227],[72.31439,41.03043],[72.32999,41.03685],[72.33188,41.0423],[72.33725,41.04301],[72.34156,41.04821],[72.35147,41.08015],[72.35033,41.05759],[72.36184,41.04698],[72.36041,41.0439],[72.37717,41.04106],[72.38109,41.03142],[72.39313,41.02741],[72.41645,41.02659],[72.42581,41.03453],[72.44512,41.03125],[72.48401,41.00493],[72.48807,41.00077],[72.48581,40.99065],[72.50198,40.98727],[72.4881,40.97446],[72.49069,40.96976],[72.49584,40.96708],[72.50549,40.97073],[72.5074,40.96827],[72.51947,40.96928],[72.52508,40.9655],[72.52094,40.96164],[72.52505,40.9594],[72.52895,40.96381],[72.53747,40.96146],[72.54459,40.96564],[72.55141,40.96171],[72.5498,40.95703],[72.55715,40.95431],[72.56385,40.93907],[72.58907,40.91259],[72.59284,40.90497],[72.58415,40.88895],[72.5731,40.8771],[72.58929,40.87325],[72.6063,40.8631],[72.63944,40.86006],[72.65884,40.85081],[72.68377,40.84445],[72.72419,40.84047],[72.75723,40.8431],[72.79409,40.85419],[72.83736,40.85758],[72.87048,40.84525],[72.89209,40.82975],[72.89986,40.82179],[72.90028,40.81534],[72.91431,40.80744],[72.93982,40.80059],[72.95671,40.80237],[72.95833,40.81581],[72.9654,40.82144],[72.97596,40.81979],[72.97955,40.8296],[72.99323,40.83057],[72.99991,40.84276],[73.00571,40.83956],[73.01246,40.8447],[73.02161,40.84635],[73.03076,40.83889],[73.04357,40.84686],[73.04676,40.84384],[73.05712,40.8442],[73.06378,40.84098],[73.07204,40.84376],[73.0833,40.84164],[73.11482,40.84433],[73.12121,40.83757],[73.13854,40.84147],[73.14646,40.83221],[73.14852,40.81591],[73.13945,40.80781],[73.138,40.79574],[73.14164,40.79547],[73.13904,40.78684],[73.14592,40.78631],[73.16262,40.80762],[73.17212,40.80061],[73.16247,40.79031],[73.17909,40.78705],[73.1863,40.78164],[73.19439,40.78161],[73.20432,40.77267],[73.2196,40.77033],[73.20609,40.76838],[73.19977,40.77454],[73.19433,40.77232],[73.19094,40.77484],[73.18894,40.76939],[73.19895,40.77029],[73.20974,40.76257],[73.20404,40.75892],[73.1876,40.76186],[73.18573,40.75988],[73.1889,40.76073],[73.19068,40.75736],[73.18694,40.75254],[73.16873,40.76408],[73.16897,40.76779],[73.16434,40.77144],[73.15328,40.77468],[73.13368,40.77218],[73.13678,40.76894],[73.13244,40.76616],[73.1338,40.76132],[73.12884,40.76481],[73.11796,40.76082],[73.12372,40.75756],[73.12615,40.75014],[73.13705,40.74248],[73.14368,40.73168],[73.139,40.72853],[73.14086,40.72496],[73.13304,40.72567],[73.13235,40.72013],[73.12465,40.72015],[73.1211,40.73388],[73.11824,40.72976],[73.11848,40.73453],[73.11603,40.73016],[73.11374,40.73261],[73.11078,40.7309],[73.11464,40.74297],[73.10985,40.75173],[73.10448,40.74769],[73.10945,40.75468],[73.10288,40.75998],[73.09237,40.76036],[73.09147,40.75672],[73.08994,40.76008],[73.0858,40.75789],[73.08605,40.76211],[73.07508,40.76445],[73.07401,40.76243],[73.06714,40.76708],[73.07071,40.75742],[73.06873,40.75434],[73.07217,40.7524],[73.06855,40.74107],[73.06692,40.75645],[73.06334,40.75894],[73.06603,40.76011],[73.06117,40.76943],[73.05174,40.76312],[73.01987,40.76751],[73.00436,40.7636],[72.99086,40.7644],[72.96702,40.75008],[72.94634,40.73191],[72.9339,40.73105],[72.9165,40.72321],[72.87308,40.71119],[72.85755,40.71171],[72.85715,40.70099],[72.86385,40.70026],[72.8444,40.67295],[72.80118,40.67723],[72.79778,40.67166],[72.79243,40.67403],[72.7791,40.66069],[72.78119,40.64817],[72.76885,40.64652],[72.77511,40.63823],[72.75786,40.62318],[72.74958,40.60705],[72.74947,40.59569],[72.75639,40.5831],[72.75473,40.58062],[72.76083,40.57667],[72.75922,40.57154],[72.75352,40.57388],[72.74736,40.57107],[72.7443,40.57436],[72.74775,40.57996],[72.71744,40.58948],[72.71421,40.57942],[72.7002,40.57922],[72.7014,40.5916],[72.69309,40.59724],[72.66374,40.58514],[72.66209,40.58174],[72.66538,40.58208],[72.6634,40.57997],[72.66755,40.57876],[72.67342,40.56706],[72.6723,40.56366],[72.66629,40.56431],[72.66357,40.56141],[72.66843,40.55726],[72.67097,40.53898],[72.65025,40.51314],[72.63252,40.51167],[72.6084,40.51582],[72.60644,40.52333],[72.57778,40.5403],[72.56552,40.53498],[72.51575,40.54571],[72.49823,40.56983],[72.49462,40.57043],[72.49379,40.55711],[72.49084,40.55327],[72.47599,40.55038],[72.45,40.57278],[72.43138,40.60127],[72.41572,40.60938],[72.41359,40.61565],[72.40834,40.61802],[72.39581,40.61639],[72.38976,40.61155],[72.38635,40.61299],[72.38334,40.60092],[72.37515,40.60389],[72.34747,40.60308],[72.34471,40.60092],[72.36392,40.58942],[72.37217,40.58043],[72.39547,40.57498],[72.39181,40.5706],[72.38786,40.57155],[72.39113,40.56536],[72.42011,40.56129],[72.41593,40.55594],[72.41655,40.55119],[72.42027,40.54897],[72.418,40.54782],[72.41979,40.54285],[72.42625,40.53929],[72.40899,40.53295],[72.40435,40.52836],[72.40528,40.52556],[72.38255,40.52228],[72.38434,40.51831],[72.37882,40.51622],[72.37862,40.51185],[72.39349,40.5069],[72.41469,40.50858],[72.42006,40.50415],[72.42344,40.48456],[72.43594,40.48015],[72.43249,40.46523],[72.43511,40.45584],[72.41899,40.45054],[72.40612,40.42658],[72.40622,40.41575],[72.4165,40.39966],[72.41416,40.39533],[72.40077,40.3987],[72.38593,40.39741],[72.36509,40.40278],[72.35724,40.41499],[72.31253,40.44479],[72.30136,40.43666],[72.27799,40.43386],[72.27291,40.43851],[72.27179,40.45071],[72.24321,40.4601],[72.25295,40.4789]]]]}},{"type":"Feature","properties":{"region_name":"Qashqadaryo viloyati"},"geometry":{"type":"MultiPolygon","coordinates":[[[[65.77589,39.55021],[65.79136,39.55416],[65.81654,39.50949],[65.83605,39.49233],[65.83275,39.49072],[65.84461,39.47826],[65.91978,39.43462],[65.92181,39.38738],[65.95818,39.37593],[65.95506,39.3704],[65.98271,39.33259],[65.99557,39.32524],[65.99377,39.32202],[66.00041,39.32399],[66.00527,39.32213],[66.00385,39.32018],[66.00844,39.32191],[66.02964,39.3164],[66.06468,39.31415],[66.06514,39.30914],[66.08067,39.30921],[66.08926,39.32124],[66.12217,39.34116],[66.11203,39.34559],[66.10745,39.35111],[66.11785,39.36479],[66.12267,39.37995],[66.1435,39.38802],[66.14516,39.39512],[66.1658,39.39331],[66.18417,39.38196],[66.20887,39.40315],[66.23405,39.41896],[66.24071,39.41639],[66.2452,39.41901],[66.249,39.41353],[66.27157,39.4009],[66.27225,39.38664],[66.29872,39.38946],[66.3082,39.37002],[66.32581,39.37923],[66.32635,39.38609],[66.3364,39.38767],[66.33879,39.39572],[66.35533,39.39321],[66.36133,39.39749],[66.379,39.39656],[66.38518,39.40203],[66.40925,39.40328],[66.4164,39.39004],[66.42269,39.39075],[66.42381,39.38742],[66.42921,39.38784],[66.43549,39.38164],[66.44057,39.38274],[66.45184,39.37824],[66.46431,39.36455],[66.47155,39.36663],[66.47337,39.36322],[66.49344,39.35722],[66.50221,39.34881],[66.51879,39.35236],[66.5192,39.36928],[66.53215,39.38265],[66.55361,39.36967],[66.55907,39.37467],[66.57207,39.37232],[66.5787,39.37954],[66.60176,39.38125],[66.61071,39.38612],[66.6169,39.39838],[66.62163,39.39886],[66.62529,39.41563],[66.6332,39.42054],[66.63585,39.42732],[66.64901,39.43461],[66.66175,39.43309],[66.67997,39.44119],[66.71223,39.44057],[66.74065,39.4531],[66.76849,39.45124],[66.77318,39.44533],[66.77087,39.43576],[66.77284,39.42853],[66.7979,39.41925],[66.80764,39.42039],[66.82271,39.4155],[66.83797,39.42278],[66.85201,39.42514],[66.86006,39.4193],[66.86103,39.41019],[66.8671,39.40079],[66.86516,39.37938],[66.87139,39.38043],[66.87581,39.37668],[66.87309,39.36632],[66.85971,39.34647],[66.87345,39.34607],[66.87497,39.3389],[66.88016,39.33487],[66.87994,39.32817],[66.86786,39.31553],[66.8709,39.31097],[66.87,39.30396],[66.84785,39.29809],[66.86235,39.28399],[66.87928,39.28598],[66.88402,39.29308],[66.88852,39.29115],[66.88887,39.28555],[66.89929,39.28239],[66.94034,39.28325],[66.94208,39.28666],[66.94807,39.2856],[66.9511,39.28942],[66.96024,39.28649],[66.96739,39.28862],[66.98724,39.28599],[66.98715,39.27515],[66.99937,39.27308],[67.00031,39.26876],[67.00868,39.26909],[67.01447,39.27593],[67.01714,39.2736],[67.01798,39.27916],[67.02486,39.27855],[67.02476,39.28696],[67.04086,39.30662],[67.05487,39.31061],[67.05988,39.31674],[67.05663,39.32349],[67.04877,39.32896],[67.05305,39.33558],[67.05241,39.34843],[67.06305,39.34559],[67.07593,39.35224],[67.08257,39.34841],[67.0881,39.35333],[67.10263,39.34549],[67.13372,39.34635],[67.15701,39.33338],[67.17166,39.33205],[67.17632,39.33714],[67.18357,39.33862],[67.20784,39.32839],[67.21948,39.33021],[67.25769,39.3179],[67.27029,39.31865],[67.28322,39.31101],[67.29351,39.31779],[67.32246,39.31197],[67.33269,39.30576],[67.3457,39.30828],[67.34281,39.30131],[67.3587,39.28703],[67.35609,39.27871],[67.35779,39.2639],[67.36334,39.26161],[67.35566,39.24321],[67.34224,39.23368],[67.34527,39.23137],[67.35693,39.22735],[67.40973,39.22536],[67.40933,39.21489],[67.44774,39.21059],[67.45601,39.20118],[67.48992,39.19936],[67.49914,39.18379],[67.55098,39.18174],[67.58537,39.1901],[67.62502,39.17018],[67.62584,39.1527],[67.63498,39.14443],[67.65653,39.14304],[67.68162,39.14624],[67.67577,39.11746],[67.67778,39.11334],[67.67259,39.10875],[67.67405,39.10261],[67.66803,39.08287],[67.67373,39.07331],[67.67122,39.06411],[67.68336,39.05647],[67.68002,39.0501],[67.68362,39.04486],[67.6785,39.03937],[67.68494,39.02512],[67.68259,39.0201],[67.64435,39.00248],[67.63524,39.00356],[67.63645,39.00689],[67.62545,39.01257],[67.60039,38.99218],[67.58804,38.99338],[67.57066,39.00079],[67.56146,38.99908],[67.55654,39.00221],[67.55835,39.00606],[67.54776,39.00993],[67.54198,38.99896],[67.53022,38.98731],[67.51808,38.98716],[67.5123,38.98091],[67.49897,38.97687],[67.48501,38.98085],[67.48253,38.97011],[67.48774,38.95907],[67.47878,38.95383],[67.4813,38.93895],[67.50143,38.92666],[67.5039,38.91787],[67.49845,38.91531],[67.50976,38.90538],[67.5039,38.90046],[67.50923,38.88348],[67.53949,38.871],[67.54213,38.86304],[67.53053,38.85872],[67.52534,38.84991],[67.51056,38.8402],[67.51901,38.82046],[67.51732,38.81746],[67.52802,38.81303],[67.52536,38.80624],[67.53122,38.79005],[67.53562,38.78718],[67.53549,38.77591],[67.54077,38.7645],[67.53742,38.75996],[67.53952,38.7558],[67.53468,38.75043],[67.51788,38.74118],[67.52153,38.73156],[67.51094,38.71079],[67.50391,38.70719],[67.4991,38.71277],[67.4704,38.71486],[67.46159,38.72197],[67.44713,38.71795],[67.43743,38.72291],[67.41642,38.72461],[67.41095,38.71961],[67.38973,38.72168],[67.36737,38.71494],[67.36033,38.6983],[67.34257,38.68572],[67.33569,38.69131],[67.3298,38.6912],[67.32645,38.68422],[67.32566,38.66565],[67.30876,38.65063],[67.30536,38.64314],[67.30696,38.62511],[67.30434,38.61945],[67.29207,38.61663],[67.28382,38.61085],[67.27405,38.60143],[67.27193,38.5938],[67.26001,38.5831],[67.24874,38.57714],[67.21414,38.56759],[67.19392,38.53884],[67.16914,38.52869],[67.15734,38.5192],[67.15653,38.5126],[67.15028,38.51042],[67.14372,38.50272],[67.1457,38.49952],[67.13109,38.47041],[67.13312,38.46131],[67.12738,38.45633],[67.12795,38.44338],[67.11636,38.41989],[67.08924,38.40169],[67.08188,38.38918],[67.072,38.38428],[67.0662,38.39237],[67.05951,38.39221],[67.03591,38.38349],[67.03326,38.37842],[67.01973,38.37721],[67.02151,38.37343],[67.01759,38.37073],[66.99709,38.3658],[66.98794,38.34817],[66.98356,38.34614],[66.97737,38.35317],[66.95552,38.34944],[66.9544,38.34473],[66.9352,38.32846],[66.94003,38.32377],[66.93769,38.3197],[66.92093,38.31135],[66.9084,38.30942],[66.90033,38.29728],[66.88499,38.28748],[66.87963,38.2854],[66.8709,38.29233],[66.87149,38.28437],[66.86555,38.28255],[66.86206,38.28675],[66.8624,38.29225],[66.85597,38.29225],[66.83771,38.28481],[66.83747,38.27952],[66.83178,38.27547],[66.83492,38.26167],[66.83913,38.25675],[66.8199,38.23719],[66.83069,38.22354],[66.83269,38.21321],[66.83042,38.20009],[66.81655,38.16664],[66.79705,38.14856],[66.77587,38.14318],[66.77061,38.13715],[66.74632,38.13378],[66.73513,38.12765],[66.7329,38.12217],[66.70805,38.11531],[66.70369,38.10697],[66.66058,38.06929],[66.66087,38.05996],[66.65046,38.05195],[66.64994,38.04341],[66.64199,38.03745],[66.63983,38.03109],[66.62885,38.02747],[66.62191,38.01725],[66.62229,38.00106],[66.57771,38.01788],[66.55279,38.02204],[66.53822,38.03234],[66.5185,38.03343],[66.50673,38.04091],[66.49375,38.0412],[66.46511,38.02909],[66.4285,38.02379],[66.41696,38.02401],[66.41214,38.02911],[66.39277,38.03273],[66.38444,38.03899],[66.38169,38.04555],[66.37272,38.05039],[66.36339,38.04998],[66.35138,38.06291],[66.34082,38.0667],[66.32288,38.06616],[66.30695,38.08057],[66.30157,38.08987],[66.29118,38.09456],[66.29142,38.10047],[66.28866,38.09927],[66.28666,38.10257],[66.27136,38.10815],[66.272,38.11855],[66.2663,38.11938],[66.26727,38.12248],[66.26129,38.12488],[66.26182,38.12859],[66.25763,38.12843],[66.25874,38.13362],[66.25248,38.13656],[66.25658,38.13999],[66.25293,38.14207],[66.2567,38.14322],[66.25124,38.14569],[66.24732,38.15614],[66.23241,38.15384],[66.22816,38.157],[66.21549,38.15576],[66.20346,38.16586],[66.20207,38.15825],[66.19856,38.1602],[66.19777,38.15661],[66.18514,38.15815],[66.17645,38.15365],[66.17011,38.15479],[66.1703,38.15701],[66.16519,38.15704],[66.16678,38.15983],[66.16318,38.16698],[66.15907,38.16525],[66.15185,38.17069],[66.15143,38.16793],[66.14202,38.17512],[66.13822,38.17391],[66.13966,38.17675],[66.12605,38.17513],[66.12359,38.17779],[66.11959,38.17531],[66.11367,38.17671],[66.11565,38.17999],[66.1127,38.18206],[66.11244,38.17831],[66.10442,38.17979],[66.10131,38.18692],[66.10448,38.18991],[66.09972,38.19294],[66.10113,38.196],[66.09812,38.19599],[66.09778,38.19973],[66.09124,38.20336],[66.07993,38.19844],[66.07956,38.20265],[66.06379,38.2118],[66.04708,38.2099],[66.04064,38.21929],[66.03449,38.21978],[66.03757,38.22418],[66.02806,38.22565],[66.02805,38.22922],[66.01986,38.22561],[66.00775,38.23317],[65.99862,38.22892],[65.99201,38.23107],[65.98581,38.22647],[65.97971,38.22723],[65.97608,38.23294],[65.97139,38.23218],[65.96958,38.23909],[65.95993,38.24205],[65.9555,38.23972],[65.95331,38.24775],[65.94636,38.25193],[65.94113,38.25108],[65.94019,38.25712],[65.9314,38.25911],[65.93126,38.26943],[65.92036,38.27494],[65.91666,38.27261],[65.91689,38.27557],[65.91011,38.27897],[65.89386,38.27856],[65.89207,38.2761],[65.88218,38.27853],[65.87034,38.27486],[65.86421,38.27797],[65.86255,38.27542],[65.85041,38.27656],[65.85182,38.27333],[65.84529,38.26743],[65.84203,38.25315],[65.83828,38.24992],[65.83168,38.25121],[65.82935,38.25588],[65.65368,38.27274],[65.56189,38.28839],[65.17405,38.5004],[65.14724,38.52592],[65.03433,38.60722],[64.99286,38.61224],[64.97809,38.62161],[64.95931,38.62794],[64.89469,38.67126],[64.85266,38.68304],[64.82694,38.68242],[64.81423,38.68529],[64.79783,38.69548],[64.77591,38.71592],[64.71937,38.75058],[64.65557,38.77478],[64.54851,38.83211],[64.3804,38.95677],[64.44824,39.00871],[64.52064,39.07618],[64.9094,39.16205],[64.84712,39.25152],[64.84824,39.26687],[64.87691,39.29361],[64.95359,39.34869],[64.97282,39.34936],[64.99837,39.39553],[65.0413,39.41192],[65.08476,39.43503],[65.13141,39.46865],[65.13955,39.46323],[65.26477,39.48569],[65.33563,39.48197],[65.42846,39.47037],[65.54878,39.46841],[65.59466,39.4816],[65.67191,39.48043],[65.7088,39.49514],[65.73248,39.50962],[65.74667,39.52701],[65.7407,39.54963],[65.74296,39.55763],[65.74866,39.55842],[65.77589,39.55021]]]]}},{"type":"Feature","properties":{"region_name":"Surxondaryo viloyati"},"geometry":{"type":"MultiPolygon","coordinates":[[[[66.64779,38.04178],[66.65046,38.05195],[66.66087,38.05996],[66.66058,38.06929],[66.70369,38.10697],[66.70805,38.11531],[66.7329,38.12217],[66.73513,38.12765],[66.74632,38.13378],[66.77061,38.13715],[66.77587,38.14318],[66.79705,38.14856],[66.81655,38.16664],[66.83042,38.20009],[66.83269,38.21321],[66.83069,38.22354],[66.8199,38.23719],[66.83913,38.25675],[66.83492,38.26167],[66.83178,38.27547],[66.83747,38.27952],[66.83771,38.28481],[66.85597,38.29225],[66.8624,38.29225],[66.86206,38.28675],[66.86555,38.28255],[66.87149,38.28437],[66.8709,38.29233],[66.87963,38.2854],[66.88831,38.28895],[66.90033,38.29728],[66.9084,38.30942],[66.92093,38.31135],[66.93769,38.3197],[66.94003,38.32377],[66.9352,38.32846],[66.9544,38.34473],[66.95552,38.34944],[66.97737,38.35317],[66.98356,38.34614],[66.98794,38.34817],[66.99714,38.36584],[67.01759,38.37073],[67.02151,38.37343],[67.01973,38.37721],[67.03326,38.37842],[67.03591,38.38349],[67.05561,38.39142],[67.0662,38.39237],[67.072,38.38428],[67.08188,38.38918],[67.08924,38.40169],[67.11636,38.41989],[67.12795,38.44338],[67.12738,38.45633],[67.13312,38.46131],[67.13109,38.47041],[67.13592,38.47615],[67.1464,38.50631],[67.15492,38.51077],[67.15698,38.5188],[67.1684,38.52821],[67.19392,38.53884],[67.21414,38.56759],[67.24874,38.57714],[67.26001,38.5831],[67.27193,38.5938],[67.27405,38.60143],[67.28382,38.61085],[67.29207,38.61663],[67.30342,38.61852],[67.30695,38.62502],[67.30553,38.64362],[67.31142,38.65356],[67.32566,38.66565],[67.32645,38.68422],[67.3298,38.6912],[67.33569,38.69131],[67.34257,38.68572],[67.36033,38.6983],[67.36737,38.71494],[67.38973,38.72168],[67.41095,38.71961],[67.41642,38.72461],[67.43743,38.72291],[67.44713,38.71795],[67.46159,38.72197],[67.4704,38.71486],[67.4991,38.71277],[67.50391,38.70719],[67.51094,38.71079],[67.52153,38.73156],[67.51788,38.74118],[67.53468,38.75043],[67.53952,38.7558],[67.53742,38.75996],[67.54077,38.7645],[67.53549,38.77591],[67.53562,38.78718],[67.53122,38.79005],[67.52536,38.80624],[67.52802,38.81303],[67.51732,38.81746],[67.51901,38.82046],[67.51056,38.8402],[67.52534,38.84991],[67.53053,38.85872],[67.54213,38.86304],[67.53949,38.871],[67.50923,38.88348],[67.5039,38.90046],[67.50976,38.90538],[67.49845,38.91531],[67.5039,38.91787],[67.50143,38.92666],[67.4813,38.93895],[67.47878,38.95383],[67.48774,38.95907],[67.48253,38.97011],[67.48501,38.98085],[67.49897,38.97687],[67.5123,38.98091],[67.51808,38.98716],[67.53022,38.98731],[67.54198,38.99896],[67.54776,39.00993],[67.55835,39.00606],[67.55654,39.00221],[67.56146,38.99908],[67.57066,39.00079],[67.59784,38.9921],[67.60461,38.99448],[67.62545,39.01257],[67.63645,39.00689],[67.63524,39.00356],[67.64375,39.00238],[67.65778,39.00684],[67.67886,39.02019],[67.69264,39.01452],[67.69407,39.00726],[67.70447,39.00075],[67.71534,39.00555],[67.72413,39.00122],[67.74042,39.00621],[67.75162,39.00173],[67.76469,39.01302],[67.76635,39.01796],[67.79672,39.01112],[67.81035,39.01144],[67.81971,39.01656],[67.8237,39.01246],[67.84377,39.01054],[67.85943,39.00327],[67.87148,39.00189],[67.881,39.00663],[67.88284,39.01494],[67.89204,39.02019],[67.90456,39.0179],[67.92074,39.02771],[67.92814,39.02343],[67.96457,39.02355],[67.97276,39.02527],[67.97333,39.02832],[67.98454,39.0349],[67.99306,39.03055],[67.99248,39.02666],[67.99905,39.01708],[68.02753,39.0102],[68.04314,39.01664],[68.05911,39.01709],[68.06778,39.02561],[68.07396,39.02374],[68.07889,39.02679],[68.09455,39.0227],[68.10198,39.01545],[68.11311,39.01435],[68.11847,39.00993],[68.12014,39.00164],[68.12918,38.99754],[68.12926,38.99259],[68.13888,38.97788],[68.13366,38.96132],[68.14084,38.96001],[68.15548,38.94911],[68.16937,38.9482],[68.19514,38.93846],[68.20646,38.92123],[68.20608,38.91665],[68.19544,38.91354],[68.19404,38.89745],[68.17745,38.89057],[68.18097,38.88706],[68.17827,38.8815],[68.18194,38.87625],[68.20171,38.86649],[68.20129,38.85615],[68.17759,38.84663],[68.17107,38.83722],[68.17115,38.83156],[68.15328,38.82683],[68.13241,38.82704],[68.13387,38.81921],[68.11468,38.81857],[68.0938,38.81324],[68.06919,38.81753],[68.06661,38.79911],[68.0937,38.7903],[68.1037,38.76858],[68.1228,38.75077],[68.12824,38.733],[68.08172,38.72769],[68.06027,38.71775],[68.0577,38.71215],[68.06554,38.69465],[68.07376,38.68988],[68.07346,38.68182],[68.08061,38.67356],[68.07736,38.66669],[68.08232,38.65785],[68.08065,38.6523],[68.09289,38.64146],[68.08015,38.63028],[68.07782,38.58831],[68.06728,38.58502],[68.06095,38.57131],[68.06071,38.55907],[68.06657,38.55227],[68.07069,38.53391],[68.08447,38.53281],[68.08492,38.51754],[68.10047,38.52089],[68.10237,38.50796],[68.10891,38.49699],[68.09876,38.49285],[68.1108,38.48737],[68.12307,38.47493],[68.11919,38.46672],[68.11299,38.46247],[68.11085,38.455],[68.10578,38.45307],[68.10553,38.44704],[68.09776,38.44271],[68.0988,38.43701],[68.07349,38.41941],[68.06671,38.4106],[68.06489,38.39361],[68.09486,38.39204],[68.11043,38.4055],[68.12674,38.41107],[68.14286,38.41217],[68.14168,38.40027],[68.15207,38.39714],[68.16658,38.37054],[68.18236,38.3717],[68.18766,38.36448],[68.19696,38.36583],[68.20899,38.34527],[68.20994,38.33379],[68.22254,38.33699],[68.23103,38.32307],[68.24428,38.31799],[68.27342,38.3229],[68.28659,38.31859],[68.29651,38.30834],[68.29385,38.29335],[68.29915,38.25999],[68.32001,38.24596],[68.31523,38.23949],[68.33031,38.234],[68.34724,38.23892],[68.3596,38.23627],[68.37268,38.24839],[68.37934,38.20194],[68.38477,38.20337],[68.3912,38.19841],[68.40241,38.19606],[68.40416,38.18],[68.39945,38.1579],[68.39591,38.15473],[68.39494,38.14732],[68.38739,38.14105],[68.37486,38.09961],[68.37306,38.08203],[68.36686,38.06813],[68.34501,38.06153],[68.33867,38.04705],[68.32414,38.03516],[68.30805,38.02919],[68.30157,38.01872],[68.30338,38.01189],[68.28738,37.99786],[68.28524,37.97182],[68.28013,37.9614],[68.28299,37.95178],[68.27477,37.9444],[68.2732,37.93839],[68.27616,37.93074],[68.28329,37.92834],[68.28241,37.92433],[68.2647,37.91075],[68.25366,37.92042],[68.22395,37.93381],[68.19214,37.93302],[68.17993,37.93792],[68.173,37.93316],[68.12908,37.92868],[68.11519,37.86977],[68.1056,37.85212],[68.08439,37.8261],[68.08129,37.8066],[68.06173,37.78906],[68.03906,37.74464],[68.02185,37.73047],[68.01846,37.7223],[68.0105,37.71878],[68.01325,37.71067],[67.98849,37.68152],[67.96293,37.67308],[67.88426,37.56809],[67.87531,37.56242],[67.86844,37.55033],[67.85879,37.54692],[67.86085,37.53873],[67.84659,37.51003],[67.83938,37.48329],[67.81529,37.42705],[67.82294,37.41215],[67.84571,37.33469],[67.84836,37.31052],[67.84048,37.29673],[67.80882,37.20715],[67.79598,37.19509],[67.78655,37.17224],[67.76039,37.19207],[67.7531,37.20379],[67.73652,37.21498],[67.71425,37.22407],[67.68794,37.22783],[67.6801,37.23265],[67.66112,37.22954],[67.64503,37.22276],[67.63612,37.22737],[67.62807,37.23653],[67.61196,37.23914],[67.5894,37.22591],[67.5715,37.22415],[67.54241,37.25691],[67.53572,37.25967],[67.53325,37.2697],[67.50303,37.28131],[67.48033,37.2691],[67.46766,37.24864],[67.45146,37.23596],[67.40303,37.2193],[67.3807,37.21833],[67.32562,37.20311],[67.30448,37.18844],[67.26357,37.18311],[67.25691,37.18684],[67.24964,37.19873],[67.24177,37.22221],[67.23105,37.2337],[67.21197,37.24228],[67.2096,37.24829],[67.19778,37.25294],[67.19496,37.25742],[67.18339,37.26042],[67.16359,37.25842],[67.12583,37.27276],[67.12208,37.28175],[67.11015,37.29021],[67.11358,37.31497],[67.11192,37.32803],[67.08805,37.34011],[67.08721,37.34962],[67.06862,37.36063],[67.05696,37.37415],[67.0442,37.38079],[67.01037,37.37397],[66.99862,37.37782],[66.99148,37.38443],[66.97861,37.3863],[66.94851,37.39857],[66.91536,37.38407],[66.90093,37.37367],[66.87156,37.36597],[66.85068,37.35372],[66.82267,37.35617],[66.79758,37.36348],[66.76499,37.35974],[66.75108,37.35405],[66.7425,37.3559],[66.7322,37.36407],[66.70983,37.35653],[66.69389,37.3577],[66.67147,37.34204],[66.66689,37.32867],[66.65478,37.32294],[66.64595,37.32795],[66.62412,37.33074],[66.62013,37.33991],[66.61015,37.34932],[66.60777,37.36008],[66.59414,37.36864],[66.5744,37.36907],[66.5602,37.36262],[66.55347,37.35578],[66.5114,37.38924],[66.50106,37.39255],[66.55389,37.4408],[66.57362,37.45183],[66.58126,37.46928],[66.56809,37.49239],[66.55535,37.49735],[66.53448,37.51358],[66.53366,37.52583],[66.52659,37.53915],[66.52558,37.55694],[66.53154,37.57905],[66.52201,37.59893],[66.54055,37.64227],[66.54416,37.67765],[66.54882,37.68463],[66.54728,37.69166],[66.55057,37.69628],[66.54087,37.74238],[66.54487,37.75027],[66.54241,37.77304],[66.54646,37.77452],[66.54767,37.78098],[66.55997,37.79405],[66.56082,37.80179],[66.57887,37.83465],[66.58785,37.84506],[66.59789,37.85057],[66.60494,37.86541],[66.61716,37.87687],[66.63562,37.88587],[66.64189,37.89495],[66.67058,37.91089],[66.68521,37.91485],[66.71102,37.91015],[66.67363,37.97199],[66.62229,38.00106],[66.62191,38.01725],[66.62908,38.0277],[66.63927,38.03053],[66.64148,38.0368],[66.64779,38.04178]]]]}},{"type":"Feature","properties":{"region_name":"Buxoro viloyati"},"geometry":{"type":"MultiPolygon","coordinates":[[[[62.99723,41.04613],[63.07209,41.04421],[63.23393,41],[63.43281,40.92523],[63.43754,40.93012],[63.56714,40.86213],[63.59991,40.84014],[63.71777,40.775],[63.71589,40.75986],[63.71236,40.75787],[63.71922,40.72825],[63.71707,40.7215],[63.84825,40.73384],[63.98598,40.94898],[64.01884,40.9629],[64.03015,40.96408],[64.06653,40.95093],[64.10463,40.9265],[64.09717,40.861],[64.09528,40.80041],[64.24574,40.78375],[64.36599,40.7776],[64.40534,40.76939],[64.43763,40.76956],[64.44341,40.88783],[64.64365,40.88961],[64.68808,40.90131],[64.71625,40.9048],[64.73993,40.91145],[64.73257,40.93828],[64.73458,40.95546],[64.74069,40.97107],[64.7773,40.96998],[64.79983,40.82472],[64.81577,40.74736],[64.89484,40.71399],[64.99978,40.69176],[65.0392,40.69074],[65.10541,40.68083],[65.16624,40.68623],[65.20897,40.6862],[65.27327,40.68113],[65.34129,40.66654],[65.36692,40.66448],[65.38477,40.68001],[65.38635,40.66329],[65.37882,40.64384],[65.36138,40.6175],[65.3577,40.59196],[65.356,40.53487],[65.35991,40.51592],[65.36667,40.51224],[65.36821,40.49734],[65.31045,40.50833],[65.24047,40.50973],[65.23498,40.49499],[65.24459,40.48811],[65.243,40.46783],[65.21945,40.39305],[65.18297,40.38872],[65.15362,40.31226],[65.13345,40.31682],[65.12647,40.36057],[65.05712,40.43007],[65.01432,40.51032],[65.03639,40.52691],[65.0221,40.53636],[64.98068,40.54875],[64.97724,40.53853],[64.98898,40.53361],[64.99116,40.53024],[64.9879,40.5296],[65.02304,40.47645],[65.02899,40.43313],[65.04155,40.41269],[65.01812,40.33101],[65.0236,40.31635],[65.01541,40.31721],[64.94072,40.36112],[64.86608,40.35816],[64.8507,40.33333],[64.84773,40.31773],[64.8518,40.28833],[64.88485,40.27244],[64.87257,40.21179],[64.86832,40.2133],[64.86774,40.19522],[64.88255,40.17082],[64.87612,40.16403],[64.8662,40.16453],[64.87408,40.15863],[64.87248,40.15072],[64.85427,40.14902],[64.82211,40.1358],[64.8087,40.1189],[64.81254,40.11666],[64.8066,40.11321],[64.80946,40.10588],[64.80669,40.10171],[64.78744,40.08003],[64.77923,40.07633],[64.7745,40.0638],[64.77536,40.05047],[64.7532,40.04608],[64.74712,40.04217],[64.73824,40.03497],[64.7389,40.03065],[64.73456,40.03102],[64.72958,40.02636],[64.73323,40.0227],[64.7266,40.02408],[64.72028,40.01872],[64.71185,40.01809],[64.71199,40.01457],[64.70439,40.01862],[64.70274,40.01287],[64.69632,40.01457],[64.68359,40.00338],[64.67549,39.98815],[64.65223,39.97866],[64.62561,39.94502],[64.61049,39.91584],[64.61985,39.9012],[64.63627,39.89064],[64.6582,39.86207],[64.66595,39.85911],[64.67666,39.84772],[64.67457,39.82604],[64.70229,39.82155],[64.7082,39.81556],[64.71191,39.80334],[64.7355,39.7977],[64.74085,39.78554],[64.76145,39.78428],[64.77803,39.77817],[64.78019,39.77046],[64.77662,39.76447],[64.8035,39.75016],[64.78659,39.72665],[64.84432,39.70444],[65.10779,39.55783],[65.11613,39.52877],[65.12451,39.52706],[65.13373,39.47071],[65.08476,39.43503],[65.0413,39.41192],[64.99837,39.39553],[64.97282,39.34936],[64.95359,39.34869],[64.87691,39.29361],[64.84824,39.26687],[64.84712,39.25152],[64.9094,39.16205],[64.52064,39.07618],[64.44824,39.00871],[64.3804,38.95677],[64.33008,38.99537],[64.18764,38.95974],[64.10508,38.99999],[63.70543,39.22405],[63.69392,39.27291],[63.50108,39.37114],[62.99886,39.65521],[62.50439,39.93604],[62.47401,39.96607],[62.4404,39.98232],[62.43645,39.99084],[62.44209,40.00134],[62.44259,40.01084],[62.43384,40.02495],[62.42584,40.04871],[62.42607,40.06674],[62.40129,40.09509],[62.39501,40.10814],[62.40871,40.13032],[62.41336,40.16157],[62.40149,40.19311],[62.40003,40.22623],[62.38502,40.24765],[62.3889,40.26234],[62.39079,40.30301],[62.38616,40.31169],[62.37056,40.32655],[62.369,40.33936],[62.34438,40.39195],[62.34204,40.42719],[62.2689,40.48041],[62.19197,40.49031],[62.17846,40.49729],[62.15676,40.5404],[62.12744,40.56124],[62.11774,40.58106],[62.42711,40.77075],[62.45855,40.8374],[62.21771,41.01636],[62.4519,41.08325],[62.15024,41.40603],[62.57506,41.48785],[62.64553,41.37281],[62.68787,41.33394],[62.7754,41.28246],[62.80977,41.2575],[62.90721,41.1301],[62.9546,41.04751],[62.99723,41.04613]]]]}},{"type":"Feature","properties":{"region_name":"Xorazm viloyati"},"geometry":{"type":"MultiPolygon","coordinates":[[[[60.66736,41.25212],[60.58076,41.2224],[60.49602,41.21387],[60.47722,41.2169],[60.42304,41.24967],[60.39029,41.27979],[60.36028,41.29768],[60.33683,41.30753],[60.23567,41.33404],[60.16479,41.37136],[60.1257,41.40033],[60.09108,41.41536],[60.07699,41.43353],[60.07521,41.45894],[60.08938,41.48828],[60.10531,41.54107],[60.12399,41.55498],[60.1295,41.5518],[60.14042,41.556],[60.13887,41.5648],[60.14429,41.56531],[60.14238,41.56883],[60.15464,41.57878],[60.1737,41.57948],[60.17052,41.58979],[60.17343,41.59031],[60.17482,41.60325],[60.171,41.60441],[60.17561,41.60784],[60.17435,41.61361],[60.17757,41.61644],[60.14881,41.65573],[60.08263,41.70544],[60.04922,41.74927],[60.05051,41.75755],[60.05893,41.76229],[60.06,41.76689],[60.07069,41.7647],[60.07668,41.77024],[60.08588,41.77026],[60.08022,41.77581],[60.07898,41.78229],[60.08201,41.79232],[60.07922,41.79968],[60.0854,41.81316],[60.09456,41.80952],[60.10122,41.8115],[60.10176,41.8025],[60.12251,41.79681],[60.1396,41.80433],[60.14988,41.79511],[60.15102,41.79841],[60.16532,41.79841],[60.17818,41.78331],[60.19058,41.79524],[60.2021,41.78173],[60.2203,41.77483],[60.2283,41.76761],[60.22667,41.762],[60.23696,41.74971],[60.24462,41.75492],[60.24669,41.76065],[60.26222,41.7596],[60.2734,41.7544],[60.28571,41.73318],[60.29408,41.7349],[60.2975,41.73974],[60.2889,41.74751],[60.29131,41.75568],[60.32051,41.75111],[60.32851,41.76519],[60.29582,41.78902],[60.2817,41.79194],[60.28573,41.79623],[60.25544,41.82136],[60.21586,41.8244],[60.1911,41.83163],[60.17708,41.83858],[60.15717,41.85592],[60.15532,41.85858],[60.16669,41.86693],[60.1655,41.86901],[60.18043,41.87405],[60.1776,41.88053],[60.14546,41.91448],[60.14273,41.92854],[60.14634,41.92948],[60.15501,41.95012],[60.18028,41.94892],[60.19299,41.93538],[60.216,41.93478],[60.21387,41.93094],[60.21589,41.92972],[60.22721,41.93521],[60.23207,41.94142],[60.22847,41.94316],[60.23643,41.95294],[60.2402,41.95566],[60.24521,41.95212],[60.25364,41.96052],[60.25779,41.96068],[60.25953,41.96577],[60.25566,41.97049],[60.25932,41.97294],[60.25737,41.9773],[60.2595,41.97935],[60.2646,41.97814],[60.26762,41.97299],[60.27842,41.98149],[60.28181,41.97621],[60.29272,41.97578],[60.29774,41.9845],[60.29447,41.98578],[60.30074,41.99104],[60.34606,41.97139],[60.35006,41.97106],[60.35077,41.97555],[60.36965,41.96956],[60.37302,41.968],[60.36685,41.96528],[60.37391,41.96223],[60.38265,41.96676],[60.3854,41.96455],[60.42099,41.96425],[60.45216,41.95249],[60.45482,41.94673],[60.4482,41.89495],[60.45005,41.87757],[60.45623,41.87167],[60.44685,41.86915],[60.46177,41.85742],[60.46687,41.85872],[60.47593,41.85371],[60.46759,41.85059],[60.47071,41.84841],[60.46802,41.84531],[60.48044,41.83721],[60.47691,41.83435],[60.48525,41.83191],[60.48337,41.82982],[60.50023,41.82755],[60.51445,41.82154],[60.52128,41.81611],[60.52101,41.8102],[60.52892,41.80814],[60.5342,41.79463],[60.53432,41.78182],[60.53981,41.77572],[60.54696,41.77421],[60.5418,41.7709],[60.54522,41.76688],[60.54156,41.7661],[60.55404,41.75753],[60.54929,41.75306],[60.5605,41.74602],[60.55916,41.74228],[60.57126,41.74043],[60.57338,41.74645],[60.60794,41.74023],[60.60946,41.74545],[60.62827,41.74654],[60.63879,41.74343],[60.65798,41.72624],[60.66039,41.70565],[60.67269,41.68779],[60.71381,41.65531],[60.71684,41.65036],[60.71174,41.64623],[60.7173,41.65005],[60.72726,41.64712],[60.72372,41.63506],[60.72604,41.63142],[60.73698,41.62747],[60.73523,41.62567],[60.76085,41.60167],[60.77763,41.59755],[60.78233,41.59122],[60.78742,41.59321],[60.79113,41.58784],[60.79835,41.59025],[60.81799,41.58134],[60.82401,41.58216],[60.83415,41.57571],[60.84716,41.56571],[60.84672,41.55743],[60.85797,41.55369],[60.85523,41.547],[60.86432,41.5325],[60.89068,41.52235],[60.91726,41.52427],[60.91901,41.51813],[60.94645,41.50518],[60.94682,41.50126],[60.97668,41.4751],[60.9967,41.46601],[61.00811,41.46849],[61.03267,41.46134],[61.03651,41.45748],[61.03254,41.45206],[61.04166,41.44987],[61.02776,41.43957],[61.03536,41.43182],[61.05616,41.4249],[61.06442,41.41766],[61.07715,41.41275],[61.08118,41.4062],[61.09388,41.4042],[61.09757,41.39989],[61.12501,41.39486],[61.14247,41.38557],[61.14334,41.37992],[61.16767,41.3703],[61.16647,41.36805],[61.17267,41.36522],[61.17786,41.3695],[61.21375,41.35281],[61.24625,41.34676],[61.25511,41.34944],[61.2633,41.33935],[61.27219,41.31502],[61.2784,41.26553],[61.30423,41.24706],[61.33725,41.23405],[61.3662,41.21303],[61.39433,41.20849],[61.40239,41.22015],[61.39892,41.22252],[61.38993,41.25544],[61.38887,41.3165],[61.39503,41.33232],[61.43133,41.35489],[61.49904,41.34397],[61.71774,41.32888],[61.82887,41.25386],[61.97493,41.1216],[62.14043,40.99318],[62.21771,41.01636],[62.45855,40.8374],[62.42711,40.77075],[62.11774,40.58106],[62.10605,40.60727],[62.10709,40.64251],[62.10338,40.65568],[62.04291,40.70049],[62.03552,40.7169],[62.03896,40.75237],[62.03712,40.75957],[62.0249,40.78454],[62.01093,40.79917],[62.00776,40.81284],[61.98403,40.83565],[61.99054,40.89967],[61.99496,40.91261],[61.99126,40.92969],[61.99446,40.94511],[61.993,40.9621],[61.98357,40.98455],[61.94999,41.01478],[61.93509,41.04483],[61.89471,41.05436],[61.89944,41.06711],[61.89075,41.07857],[61.89252,41.09144],[61.88512,41.1113],[61.86238,41.1163],[61.80955,41.13523],[61.80125,41.15163],[61.72822,41.18896],[61.72373,41.20519],[61.71794,41.21174],[61.70247,41.21305],[61.65325,41.22903],[61.6357,41.25265],[61.57918,41.2644],[61.54993,41.27884],[61.4979,41.27988],[61.44308,41.29201],[61.41526,41.28917],[61.40923,41.28443],[61.40516,41.26641],[61.40302,41.24528],[61.40548,41.22396],[61.39555,41.20959],[61.39882,41.19998],[61.39504,41.1954],[61.32922,41.14799],[61.24064,41.14498],[61.12901,41.18969],[61.10154,41.21115],[61.09073,41.23105],[61.08582,41.22517],[61.08567,41.21615],[61.08035,41.21646],[61.06551,41.24363],[61.06701,41.25845],[61.05493,41.26008],[61.05067,41.24609],[61.04242,41.25586],[61.04513,41.26511],[61.03623,41.26108],[61.03318,41.26967],[61.03041,41.26252],[61.0302,41.22266],[61.02768,41.22195],[61.00221,41.23332],[61.00036,41.24226],[60.95886,41.24663],[60.8134,41.25842],[60.68489,41.25713],[60.66736,41.25212]]]]}},{"type":"Feature","properties":{"region_name":"Qoraqalpog‘iston Respublikasi"},"geometry":{"type":"MultiPolygon","coordinates":[[[[59.3377,45.21393],[59.99886,44.91311],[60.57781,44.64402],[61.06683,44.37168],[61.10727,44.36039],[61.13787,44.22478],[61.42564,44.00002],[62.24478,43.30122],[62.49875,43.24897],[62.20658,42.90854],[61.91538,42.56283],[61.86127,42.23002],[62.00379,41.99312],[61.95123,41.97851],[61.89019,41.96686],[61.78,41.92789],[61.70128,41.89433],[61.67915,41.89383],[61.99407,41.57226],[62.4519,41.08325],[62.14043,40.99318],[61.97493,41.1216],[61.82887,41.25386],[61.71774,41.32888],[61.49904,41.34397],[61.43133,41.35489],[61.39503,41.33232],[61.38887,41.3165],[61.38993,41.25544],[61.39892,41.22252],[61.40239,41.22015],[61.39433,41.20849],[61.3662,41.21303],[61.33725,41.23405],[61.30423,41.24706],[61.2784,41.26553],[61.27219,41.31502],[61.2633,41.33935],[61.25511,41.34944],[61.24625,41.34676],[61.21375,41.35281],[61.17786,41.3695],[61.17267,41.36522],[61.16647,41.36805],[61.16767,41.3703],[61.14334,41.37992],[61.14247,41.38557],[61.12501,41.39486],[61.09757,41.39989],[61.09388,41.4042],[61.08118,41.4062],[61.07715,41.41275],[61.06442,41.41766],[61.05616,41.4249],[61.03536,41.43182],[61.02776,41.43957],[61.04166,41.44987],[61.03254,41.45206],[61.03651,41.45748],[61.03267,41.46134],[61.00811,41.46849],[60.9967,41.46601],[60.97668,41.4751],[60.94682,41.50126],[60.94645,41.50518],[60.91901,41.51813],[60.91726,41.52427],[60.89068,41.52235],[60.86432,41.5325],[60.85523,41.547],[60.85797,41.55369],[60.84672,41.55743],[60.84716,41.56571],[60.83415,41.57571],[60.82401,41.58216],[60.81799,41.58134],[60.79835,41.59025],[60.79113,41.58784],[60.78742,41.59321],[60.78233,41.59122],[60.77763,41.59755],[60.76085,41.60167],[60.73523,41.62567],[60.73698,41.62747],[60.72604,41.63142],[60.72372,41.63506],[60.72726,41.64712],[60.7173,41.65005],[60.71174,41.64623],[60.71684,41.65036],[60.71381,41.65531],[60.67269,41.68779],[60.66039,41.70565],[60.65798,41.72624],[60.63879,41.74343],[60.62827,41.74654],[60.60946,41.74545],[60.60794,41.74023],[60.57338,41.74645],[60.57126,41.74043],[60.55916,41.74228],[60.5605,41.74602],[60.54929,41.75306],[60.55404,41.75753],[60.54156,41.7661],[60.54522,41.76688],[60.5418,41.7709],[60.54696,41.77421],[60.53981,41.77572],[60.53432,41.78182],[60.5342,41.79463],[60.52892,41.80814],[60.52101,41.8102],[60.52128,41.81611],[60.51445,41.82154],[60.50023,41.82755],[60.48337,41.82982],[60.48525,41.83191],[60.47691,41.83435],[60.48044,41.83721],[60.46802,41.84531],[60.47071,41.84841],[60.46759,41.85059],[60.47593,41.85371],[60.46687,41.85872],[60.46177,41.85742],[60.44685,41.86915],[60.45623,41.87167],[60.45005,41.87757],[60.4482,41.89495],[60.45482,41.94673],[60.45216,41.95249],[60.42099,41.96425],[60.3854,41.96455],[60.38265,41.96676],[60.37391,41.96223],[60.36685,41.96528],[60.37302,41.968],[60.36965,41.96956],[60.35077,41.97555],[60.35006,41.97106],[60.34606,41.97139],[60.30074,41.99104],[60.29447,41.98578],[60.29774,41.9845],[60.29272,41.97578],[60.28181,41.97621],[60.27842,41.98149],[60.26762,41.97299],[60.2646,41.97814],[60.2595,41.97935],[60.25737,41.9773],[60.25932,41.97294],[60.25566,41.97049],[60.25953,41.96577],[60.25779,41.96068],[60.25364,41.96052],[60.24521,41.95212],[60.2402,41.95566],[60.23643,41.95294],[60.22847,41.94316],[60.23207,41.94142],[60.22721,41.93521],[60.21589,41.92972],[60.21387,41.93094],[60.216,41.93478],[60.19299,41.93538],[60.18028,41.94892],[60.15513,41.95026],[60.14634,41.92948],[60.14273,41.92854],[60.14546,41.91448],[60.1776,41.88053],[60.18043,41.87405],[60.1655,41.86901],[60.16669,41.86693],[60.15532,41.85858],[60.1338,41.87925],[60.13952,41.89183],[60.12565,41.90296],[60.09634,41.91309],[60.0912,41.91127],[60.0905,41.90449],[60.05908,41.9088],[60.0336,41.92169],[60.02652,41.93096],[60.02587,41.94075],[60.02948,41.94768],[60.0239,41.96129],[60.01418,41.96306],[59.99277,41.95672],[59.97497,41.94249],[59.96285,41.94258],[59.95815,41.94981],[59.95878,41.96213],[59.93709,41.97552],[59.92339,41.99152],[59.92814,42.00656],[59.96627,42.00857],[59.97433,42.00139],[59.99135,41.99746],[60.00367,41.9868],[60.01153,41.9855],[60.01655,41.99014],[60.02484,41.988],[60.02671,41.99345],[60.03295,41.99647],[60.03333,42.00441],[60.04447,42.02061],[60.04194,42.04028],[60.05068,42.06308],[60.04813,42.07155],[60.04977,42.08073],[60.05582,42.08994],[60.04837,42.0983],[60.03536,42.10394],[60.03744,42.11338],[60.02468,42.12396],[59.99379,42.12391],[59.97126,42.13236],[59.96084,42.14507],[59.97276,42.14991],[59.98341,42.1613],[59.99419,42.15793],[59.99639,42.16113],[60.00596,42.16134],[60.03159,42.15708],[60.03733,42.16624],[60.0506,42.16848],[60.05268,42.17146],[60.04669,42.18518],[60.03742,42.18229],[60.02636,42.18432],[60.02025,42.20694],[60.02172,42.21382],[60.01558,42.22136],[59.98941,42.22421],[59.99639,42.24001],[59.97277,42.24522],[59.95975,42.23838],[59.95576,42.24545],[59.95647,42.25167],[59.94499,42.25482],[59.9477,42.25978],[59.95677,42.25911],[59.94716,42.26812],[59.93909,42.26914],[59.94243,42.27517],[59.93384,42.27403],[59.93167,42.27091],[59.92336,42.28141],[59.91307,42.28111],[59.91338,42.27701],[59.90779,42.27935],[59.90769,42.29502],[59.91523,42.31061],[59.91381,42.31297],[59.88156,42.32219],[59.86171,42.32085],[59.84235,42.30719],[59.82078,42.28246],[59.80105,42.27783],[59.76942,42.28509],[59.73496,42.30221],[59.69838,42.29918],[59.65334,42.28894],[59.60825,42.29797],[59.59837,42.29487],[59.59123,42.28851],[59.57845,42.28556],[59.56132,42.28822],[59.55309,42.29401],[59.5169,42.28983],[59.43506,42.29176],[59.43147,42.29996],[59.4211,42.30583],[59.41804,42.32479],[59.38533,42.33366],[59.33532,42.35357],[59.30315,42.36059],[59.29756,42.37347],[59.27085,42.39347],[59.27168,42.39631],[59.25854,42.41483],[59.26792,42.4215],[59.26823,42.42928],[59.17316,42.53092],[59.07171,42.51921],[59.00853,42.52499],[58.80658,42.66507],[58.62527,42.79954],[58.62261,42.79367],[58.62762,42.7782],[58.62211,42.77465],[58.62018,42.76787],[58.627,42.75474],[58.62415,42.75376],[58.61653,42.75914],[58.61254,42.7548],[58.61857,42.7472],[58.64294,42.73335],[58.64559,42.72303],[58.64239,42.71878],[58.63061,42.71528],[58.61057,42.7238],[58.59539,42.71992],[58.59549,42.71279],[58.6046,42.70594],[58.60811,42.6963],[58.60298,42.68143],[58.6065,42.6746],[58.60386,42.66674],[58.59021,42.64881],[58.53739,42.65254],[58.48462,42.6428],[58.44407,42.65277],[58.41872,42.65421],[58.39868,42.66677],[58.33052,42.68515],[58.27339,42.68776],[58.20312,42.65578],[58.17907,42.63842],[58.16318,42.63619],[58.16079,42.63108],[58.1538,42.63353],[58.15051,42.62953],[58.15486,42.61117],[58.15066,42.6103],[58.16581,42.59875],[58.26382,42.5602],[58.29845,42.55873],[58.30268,42.55578],[58.31766,42.53314],[58.32485,42.51023],[58.34669,42.47466],[58.4064,42.40287],[58.41093,42.37116],[58.41735,42.36912],[58.43078,42.37325],[58.44602,42.36031],[58.51451,42.32329],[58.51585,42.31503],[58.51004,42.29662],[58.51358,42.28575],[58.50967,42.28079],[58.49888,42.28191],[58.46767,42.29335],[58.44761,42.29584],[58.42118,42.29438],[58.39687,42.28795],[58.4012,42.33087],[58.39963,42.34512],[58.38044,42.39893],[58.36436,42.41919],[58.32562,42.44752],[58.30364,42.45574],[58.20807,42.47192],[58.14481,42.45245],[58.13264,42.44401],[58.13616,42.4904],[58.1447,42.48724],[58.14397,42.4916],[58.12193,42.5029],[58.1204,42.49155],[58.09756,42.50218],[58.06232,42.50843],[58.06281,42.52654],[58.06927,42.53673],[58.0602,42.53762],[58.05339,42.54377],[58.05401,42.52652],[58.04581,42.52703],[58.04691,42.51696],[58.03852,42.51454],[58.03869,42.50753],[58.03002,42.49999],[58.01192,42.4947],[58.01114,42.5042],[58.00348,42.5149],[58.00243,42.50979],[58.00653,42.49976],[58.00009,42.50253],[58.00161,42.49002],[57.99881,42.48234],[57.98899,42.48547],[57.98543,42.48288],[57.98347,42.48577],[57.97877,42.48454],[57.97896,42.47872],[57.9849,42.47787],[57.98258,42.47547],[57.98353,42.46628],[57.97619,42.46194],[57.97709,42.45088],[57.96755,42.42772],[57.95806,42.4294],[57.9424,42.44441],[57.92809,42.43904],[57.92759,42.43556],[57.91316,42.43131],[57.90676,42.42473],[57.92232,42.41824],[57.92614,42.41151],[57.94126,42.40788],[57.92424,42.40535],[57.94083,42.40204],[57.9402,42.39758],[57.96005,42.38081],[57.95864,42.37557],[57.94974,42.37654],[57.95361,42.37394],[57.95177,42.37101],[57.95765,42.37094],[57.96146,42.36488],[57.96083,42.34723],[57.94352,42.3334],[57.92847,42.30241],[57.93837,42.27274],[57.94425,42.26387],[57.94224,42.23987],[57.94845,42.22878],[57.92501,42.23304],[57.89899,42.23166],[57.89407,42.2211],[57.9054,42.2164],[57.88396,42.21267],[57.8735,42.21533],[57.86759,42.22441],[57.85776,42.22856],[57.85452,42.23398],[57.84908,42.23037],[57.83898,42.23929],[57.84684,42.2267],[57.83612,42.22698],[57.84693,42.22025],[57.84913,42.21524],[57.83493,42.21347],[57.83724,42.20936],[57.85565,42.19886],[57.86193,42.1739],[57.85621,42.17359],[57.85354,42.18201],[57.8474,42.1844],[57.8436,42.18332],[57.84082,42.17239],[57.83656,42.17075],[57.76753,42.17108],[57.74344,42.16845],[57.65212,42.13832],[57.61837,42.14549],[57.56207,42.1516],[57.43774,42.15612],[57.37692,42.1524],[57.29724,42.13896],[57.28522,42.13328],[57.26564,42.11091],[57.15612,41.96069],[57.12754,41.92988],[57.11426,41.92364],[57.0726,41.92567],[57.03938,41.92225],[56.99891,41.91001],[56.96679,41.8894],[56.96329,41.82908],[56.97904,41.71529],[56.97662,41.70913],[56.97987,41.70905],[56.98152,41.70371],[56.97699,41.67168],[57.04316,41.5614],[57.0402,41.54755],[57.04136,41.52933],[57.03505,41.52073],[57.03621,41.50381],[57.04932,41.48141],[57.04163,41.46718],[57.04372,41.45251],[57.03934,41.44463],[57.041,41.43791],[57.05332,41.41766],[57.08729,41.38283],[57.10037,41.3637],[57.1162,41.35951],[57.1267,41.36044],[57.14437,41.37119],[57.14813,41.37903],[57.15393,41.38194],[57.16614,41.37972],[57.18135,41.3679],[57.18189,41.35262],[57.18542,41.35719],[57.18523,41.34851],[57.19085,41.34931],[57.18964,41.34151],[57.17235,41.33928],[57.15475,41.34369],[57.13455,41.33627],[57.10174,41.33634],[57.0901,41.32969],[57.06163,41.32283],[57.05874,41.3141],[57.07102,41.29786],[57.07161,41.28515],[57.06337,41.26182],[57.05437,41.24872],[57.04654,41.24311],[57.03009,41.24111],[57.0015,41.24805],[56.79482,41.28061],[56.01942,41.32109],[55.99885,41.32464],[55.99878,45.00001],[56.65074,45.15543],[57.28167,45.30151],[57.93595,45.44854],[58.58788,45.59056],[58.99017,45.3693],[59.3377,45.21393]]]]}},{"type":"Feature","properties":{"region_name":"Sirdaryo viloyati"},"geometry":{"type":"MultiPolygon","coordinates":[[[[68.6131,41.00836],[68.63188,40.99622],[68.65658,40.99526],[68.67262,40.98781],[68.67134,40.98059],[68.66579,40.97691],[68.63236,40.97215],[68.62883,40.96818],[68.62931,40.96022],[68.64718,40.93531],[68.66518,40.92221],[68.68369,40.91852],[68.69214,40.90556],[68.70501,40.89962],[68.7095,40.89416],[68.72149,40.89024],[68.72103,40.88565],[68.7095,40.87261],[68.70876,40.86478],[68.71967,40.85997],[68.72875,40.87257],[68.73915,40.87397],[68.74122,40.86397],[68.72677,40.85243],[68.73205,40.84534],[68.75613,40.84928],[68.76592,40.83779],[68.79117,40.83138],[68.80661,40.82052],[68.82762,40.81708],[68.83001,40.8125],[68.82358,40.80022],[68.82993,40.79277],[68.86333,40.78921],[68.88087,40.78162],[68.89486,40.76991],[68.89673,40.76069],[68.9038,40.74991],[68.90743,40.73761],[68.9063,40.72838],[68.91114,40.71795],[68.92157,40.71334],[68.93422,40.71463],[68.95002,40.71134],[68.95132,40.69865],[68.9639,40.68334],[68.9533,40.67581],[68.95472,40.67067],[68.96431,40.66534],[68.99068,40.67107],[69.00303,40.66966],[69.00477,40.66254],[68.98814,40.64926],[68.9881,40.64414],[69.00405,40.6412],[69.03711,40.64753],[69.0535,40.64284],[69.06183,40.63622],[69.05377,40.62367],[69.06837,40.61096],[69.08852,40.605],[69.09013,40.59951],[69.08702,40.59253],[69.06409,40.58168],[69.05439,40.58083],[69.05141,40.59199],[69.04245,40.59467],[69.03506,40.59089],[69.03239,40.58283],[69.023,40.57671],[69.03434,40.56857],[69.03953,40.57097],[69.04257,40.57861],[69.05114,40.57949],[69.05561,40.57708],[69.06258,40.56451],[69.07815,40.56303],[69.08065,40.52101],[69.0769,40.5125],[69.06612,40.50262],[69.08063,40.50244],[69.09814,40.50751],[69.10517,40.50497],[69.10747,40.50081],[69.10393,40.49569],[69.0877,40.49154],[69.08478,40.48318],[69.10206,40.47362],[69.10483,40.45693],[69.11467,40.44871],[69.11783,40.43181],[69.10896,40.41901],[69.09731,40.4124],[69.08801,40.402],[69.07618,40.39795],[69.07975,40.38978],[69.07756,40.37855],[69.08601,40.37067],[69.07336,40.35772],[69.07412,40.31895],[69.08321,40.30382],[69.11399,40.28014],[69.11535,40.2738],[69.12178,40.27046],[69.12305,40.26311],[69.1332,40.25827],[69.14173,40.2387],[69.15353,40.23167],[69.15946,40.22295],[69.16392,40.22253],[69.16194,40.21678],[69.17109,40.21109],[69.16443,40.21018],[69.15189,40.21561],[69.13509,40.21761],[69.06123,40.22284],[69.05345,40.22708],[69.03532,40.22898],[68.8632,40.2106],[68.85168,40.20325],[68.85209,40.19778],[68.84071,40.19386],[68.84347,40.18251],[68.80924,40.17741],[68.79719,40.17241],[68.77923,40.20365],[68.69043,40.18131],[68.68824,40.1777],[68.60266,40.15913],[68.58307,40.21548],[68.61597,40.22118],[68.61209,40.26202],[68.53973,40.25077],[68.51016,40.25086],[68.43268,40.26872],[68.39931,40.26594],[68.37809,40.25927],[68.34367,40.25436],[68.29379,40.25125],[68.27906,40.26024],[68.24674,40.26888],[68.15438,40.27283],[68.1347,40.26849],[68.1148,40.30449],[68.09302,40.31798],[68.21262,40.41952],[68.19103,40.43628],[68.1932,40.48873],[68.13865,40.49783],[68.15171,40.54625],[68.18097,40.57108],[68.1961,40.55987],[68.19669,40.57314],[68.24842,40.67569],[68.29763,40.65666],[68.3712,40.61733],[68.41005,40.6152],[68.43568,40.59679],[68.47903,40.58676],[68.49264,40.57243],[68.50186,40.57952],[68.53134,40.58319],[68.53528,40.57943],[68.56297,40.57916],[68.58175,40.56861],[68.61004,40.57677],[68.64092,40.59929],[68.66314,40.59934],[68.65456,40.61199],[68.622,40.63048],[68.64249,40.63808],[68.64269,40.64584],[68.64787,40.6496],[68.6487,40.67659],[68.65367,40.68006],[68.64628,40.68203],[68.64585,40.68598],[68.63647,40.68645],[68.64385,40.69367],[68.6343,40.7018],[68.63433,40.69772],[68.61874,40.69805],[68.60891,40.70768],[68.58394,40.70897],[68.5855,40.78041],[68.57337,40.79068],[68.5624,40.80568],[68.56445,40.84939],[68.58023,40.85495],[68.58967,40.86491],[68.58565,40.88559],[68.5759,40.89719],[68.58209,40.92418],[68.57355,40.9271],[68.54872,40.94604],[68.51681,40.94219],[68.51925,40.95045],[68.5153,40.95266],[68.51357,40.96199],[68.50959,40.96079],[68.50923,40.97255],[68.4979,40.9733],[68.49668,40.97956],[68.5027,40.99],[68.50448,41.00142],[68.52657,41.02374],[68.56132,41.00831],[68.57253,41.01277],[68.58905,41.02833],[68.60251,41.03098],[68.60927,41.02706],[68.6131,41.00836]]]]}},{"type":"Feature","properties":{"region_name":"Farg‘ona viloyati"},"geometry":{"type":"MultiPolygon","coordinates":[[[[71.79017,40.0109],[71.80272,40.00299],[71.81558,40.00296],[71.8218,39.98826],[71.82613,39.98629],[71.8375,39.98379],[71.86253,39.98566],[71.86188,39.97699],[71.84865,39.96001],[71.84287,39.95896],[71.83837,39.95208],[71.82881,39.9578],[71.79638,39.96159],[71.78491,39.9683],[71.77743,39.95904],[71.74544,39.93601],[71.74257,39.93757],[71.74828,39.95329],[71.72833,39.95861],[71.71852,39.95676],[71.71563,39.96807],[71.76025,39.97732],[71.7828,39.98897],[71.7889,40.00082],[71.79477,40.00388],[71.79017,40.0109]]],[[[71.00698,40.18313],[71.02484,40.17814],[71.03194,40.17941],[71.04207,40.17482],[71.04466,40.17743],[71.04212,40.18172],[71.04618,40.18396],[71.07052,40.16225],[71.0761,40.15085],[71.08188,40.12252],[71.09011,40.1112],[71.09155,40.09726],[71.08862,40.08912],[71.09526,40.08478],[71.0958,40.08117],[71.10065,40.08078],[71.10164,40.05682],[71.11498,40.0365],[71.11671,40.02694],[71.11429,40.01926],[71.11904,40.0139],[71.13294,40.01724],[71.14179,40.0264],[71.18012,40.0271],[71.18676,40.03278],[71.20713,40.03977],[71.19591,40.01586],[71.1871,40.01091],[71.18331,40.00177],[71.144,40.0009],[71.15081,39.99613],[71.17917,39.99804],[71.17413,39.98019],[71.1669,39.97958],[71.16751,39.97177],[71.15893,39.96712],[71.15502,39.96926],[71.15937,39.96317],[71.1513,39.96399],[71.14724,39.96038],[71.13214,39.95825],[71.13888,39.95541],[71.21238,39.95429],[71.21524,39.94987],[71.21062,39.94866],[71.20843,39.94046],[71.20582,39.94023],[71.22239,39.93324],[71.22656,39.92793],[71.22516,39.92469],[71.21503,39.92433],[71.21728,39.92156],[71.21212,39.91474],[71.21476,39.91234],[71.19701,39.91266],[71.19104,39.90736],[71.19916,39.90272],[71.19522,39.89862],[71.17584,39.89527],[71.17059,39.89741],[71.1647,39.89328],[71.14317,39.89849],[71.13942,39.89422],[71.13311,39.89362],[71.12924,39.8962],[71.13516,39.90788],[71.11995,39.92273],[71.1045,39.91538],[71.10841,39.91003],[71.10762,39.90558],[71.10307,39.90772],[71.1014,39.91453],[71.09684,39.91094],[71.09768,39.90227],[71.0946,39.89781],[71.09879,39.89262],[71.09918,39.88346],[71.09661,39.8837],[71.0908,39.89841],[71.0866,39.89656],[71.07013,39.89932],[71.06848,39.89532],[71.06174,39.89824],[71.05329,39.89525],[71.05865,39.90441],[71.05573,39.90873],[71.06607,39.91769],[71.07823,39.92],[71.07947,39.93276],[71.09099,39.94923],[71.1007,39.94996],[71.09983,39.95378],[71.12115,39.95893],[71.11768,39.96971],[71.09911,39.97188],[71.10339,39.97912],[71.08997,39.99001],[71.0938,39.99635],[71.10417,39.99956],[71.10414,40.00214],[71.10687,39.9992],[71.10249,39.99723],[71.10667,39.99042],[71.11557,39.99342],[71.11396,40.01279],[71.10904,40.01938],[71.09198,40.02025],[71.07154,40.03283],[71.0561,40.03668],[71.03823,40.03407],[71.02259,40.03776],[71.00979,40.04934],[71.00469,40.08126],[71.01624,40.12238],[71.00184,40.16422],[71.00251,40.18436],[71.00698,40.18313]]],[[[71.67035,40.20173],[71.67241,40.19716],[71.66031,40.20097],[71.6606,40.2079],[71.67035,40.20173]]],[[[71.04102,40.25699],[71.03992,40.24677],[71.03558,40.24096],[71.03861,40.23328],[71.03442,40.22989],[71.02684,40.23861],[71.02789,40.24455],[71.0384,40.26273],[71.04274,40.26151],[71.04102,40.25699]]],[[[71.16669,40.67967],[71.20295,40.66968],[71.27056,40.64319],[71.29365,40.65891],[71.34701,40.6808],[71.35147,40.68758],[71.36197,40.69347],[71.41195,40.7006],[71.47188,40.72812],[71.48754,40.73076],[71.48776,40.73894],[71.53706,40.71291],[71.57926,40.65309],[71.58695,40.63042],[71.62427,40.66331],[71.63734,40.66605],[71.6229,40.68993],[71.63025,40.69521],[71.6325,40.70155],[71.63414,40.70823],[71.62949,40.71438],[71.62965,40.7215],[71.63532,40.73263],[71.65444,40.74682],[71.68151,40.7233],[71.68111,40.71842],[71.72847,40.70796],[71.74685,40.71205],[71.77012,40.69716],[71.80839,40.68336],[71.82585,40.67348],[71.83048,40.65624],[71.84106,40.64762],[71.85771,40.645],[71.90272,40.62546],[71.97165,40.62202],[71.98655,40.61672],[71.99655,40.60586],[72.0105,40.61446],[72.05791,40.61115],[72.06873,40.6152],[72.07121,40.61105],[72.07975,40.61112],[72.09164,40.61549],[72.09665,40.61119],[72.0983,40.60352],[72.10905,40.5955],[72.10676,40.5882],[72.12982,40.58666],[72.13404,40.59241],[72.14383,40.59427],[72.13779,40.58258],[72.1387,40.5755],[72.16129,40.56278],[72.1721,40.56887],[72.18596,40.56327],[72.19648,40.55632],[72.196,40.54769],[72.2128,40.54626],[72.21149,40.54229],[72.21452,40.53712],[72.19923,40.5253],[72.19136,40.51267],[72.17452,40.50389],[72.17207,40.4855],[72.15923,40.48304],[72.12813,40.45953],[72.13002,40.45658],[72.12192,40.45735],[72.1039,40.44201],[72.1016,40.43087],[72.11298,40.42769],[72.10059,40.41691],[72.09855,40.4116],[72.09324,40.41102],[72.08205,40.40086],[72.06628,40.39526],[72.05454,40.38039],[72.04473,40.37829],[72.04875,40.37089],[72.02644,40.35969],[71.99819,40.33783],[71.96485,40.32082],[71.97269,40.30838],[71.98401,40.30178],[71.99373,40.29726],[72.03317,40.29173],[72.05228,40.28406],[72.05174,40.27791],[72.04015,40.27648],[72.045,40.27511],[72.02531,40.26875],[72.02624,40.26414],[72.00436,40.27548],[71.98996,40.26798],[71.97837,40.25606],[71.94888,40.25579],[71.93932,40.25011],[71.96718,40.24468],[71.96301,40.24048],[71.94483,40.23747],[71.92681,40.24183],[71.92661,40.2517],[71.92153,40.25448],[71.88414,40.26226],[71.84171,40.25366],[71.82859,40.24065],[71.83131,40.21806],[71.83678,40.21019],[71.83049,40.20493],[71.81413,40.20446],[71.80834,40.19369],[71.79902,40.19051],[71.79779,40.19664],[71.77864,40.19271],[71.77757,40.18613],[71.7686,40.18441],[71.77017,40.17918],[71.75366,40.17541],[71.74935,40.16926],[71.73491,40.16217],[71.73207,40.15338],[71.73513,40.14862],[71.72628,40.14686],[71.72204,40.14836],[71.72436,40.16606],[71.721,40.1676],[71.72,40.17307],[71.7012,40.17732],[71.69038,40.18607],[71.68101,40.18881],[71.68329,40.19377],[71.67688,40.19556],[71.68719,40.19568],[71.70017,40.19117],[71.69238,40.205],[71.6998,40.20741],[71.70133,40.20349],[71.70616,40.20245],[71.69394,40.22452],[71.7004,40.23554],[71.69821,40.24397],[71.68571,40.25095],[71.67275,40.2692],[71.64892,40.27026],[71.63608,40.26483],[71.62065,40.26457],[71.61795,40.2553],[71.61871,40.25023],[71.6223,40.24883],[71.61962,40.23773],[71.62535,40.22092],[71.62995,40.21594],[71.61536,40.21787],[71.62114,40.21311],[71.61927,40.20744],[71.5956,40.21109],[71.59204,40.21776],[71.58012,40.21837],[71.57988,40.21416],[71.57526,40.21671],[71.56691,40.21483],[71.53125,40.22559],[71.52,40.22552],[71.51259,40.23082],[71.51722,40.23877],[71.51113,40.24393],[71.51149,40.26882],[71.50055,40.27757],[71.49145,40.27963],[71.48816,40.27619],[71.47802,40.2746],[71.42834,40.28358],[71.39189,40.30829],[71.36593,40.30615],[71.36541,40.30905],[71.376,40.31397],[71.36871,40.3186],[71.3577,40.31609],[71.35231,40.32007],[71.34665,40.31788],[71.34683,40.31437],[71.33702,40.31268],[71.33369,40.31373],[71.33511,40.31698],[71.324,40.31757],[71.31052,40.30675],[71.29807,40.31478],[71.29294,40.32443],[71.29987,40.33088],[71.28451,40.34045],[71.27361,40.34339],[71.26529,40.33544],[71.2552,40.33125],[71.25383,40.32719],[71.24559,40.3241],[71.25556,40.33401],[71.25105,40.3328],[71.2217,40.34234],[71.202,40.34437],[71.1476,40.33417],[71.13091,40.33759],[71.1094,40.32457],[71.09959,40.31355],[71.0718,40.29389],[71.04279,40.29019],[71.04127,40.29929],[71.03797,40.29655],[71.03774,40.28594],[71.03234,40.28522],[71.01733,40.29471],[70.98956,40.28388],[70.96169,40.28499],[70.95932,40.28224],[70.96045,40.27072],[70.97697,40.25437],[70.97776,40.25123],[70.97414,40.24951],[70.978,40.25003],[70.98485,40.22182],[70.86092,40.22029],[70.83595,40.21023],[70.78573,40.20079],[70.76154,40.18903],[70.71359,40.18976],[70.63134,40.17856],[70.6116,40.20168],[70.59096,40.21883],[70.57337,40.2417],[70.57483,40.28325],[70.5597,40.3082],[70.55862,40.31636],[70.56411,40.32292],[70.58225,40.32743],[70.58207,40.33142],[70.56972,40.32928],[70.57808,40.33727],[70.56318,40.34776],[70.55959,40.35553],[70.49917,40.35272],[70.48952,40.34963],[70.45873,40.35942],[70.45003,40.36825],[70.43443,40.3681],[70.4234,40.37803],[70.37418,40.38763],[70.34226,40.42029],[70.32737,40.44686],[70.32736,40.4549],[70.33181,40.45927],[70.34705,40.46262],[70.37168,40.47403],[70.38934,40.47624],[70.4551,40.49913],[70.48156,40.50264],[70.49312,40.51442],[70.51363,40.54992],[70.52658,40.55433],[70.55473,40.55668],[70.58606,40.56648],[70.59738,40.57889],[70.60319,40.59476],[70.63281,40.62116],[70.70233,40.65967],[70.73473,40.65999],[70.7376,40.66745],[70.72943,40.6778],[70.72958,40.68452],[70.76297,40.69456],[70.78187,40.71693],[70.81301,40.72107],[70.83848,40.73246],[70.85201,40.7257],[70.88016,40.72902],[70.89303,40.73628],[70.90395,40.75044],[70.92152,40.7597],[70.94194,40.75112],[70.94601,40.75866],[70.96236,40.75851],[70.97568,40.75032],[70.97373,40.74002],[70.97668,40.73827],[71.02656,40.75222],[71.02988,40.74708],[71.05733,40.75298],[71.07846,40.75004],[71.08523,40.75625],[71.09787,40.76062],[71.06222,40.70736],[71.11577,40.70429],[71.16669,40.67967]]]]}},{"type":"Feature","properties":{"region_name":"Namangan viloyati"},"geometry":{"type":"MultiPolygon","coordinates":[[[[71.72133,41.54828],[71.73346,41.5437],[71.73733,41.53882],[71.7354,41.53028],[71.7201,41.52148],[71.73421,41.51616],[71.72996,41.51164],[71.73149,41.50948],[71.72826,41.50875],[71.73005,41.50472],[71.72322,41.50066],[71.72826,41.49305],[71.71279,41.4935],[71.71517,41.48753],[71.71118,41.48764],[71.71242,41.48326],[71.71646,41.47194],[71.722,41.46676],[71.71902,41.46125],[71.70705,41.45832],[71.70814,41.45439],[71.69787,41.45031],[71.69873,41.44333],[71.69477,41.43443],[71.68601,41.42911],[71.6923,41.42708],[71.68774,41.41972],[71.68922,41.41593],[71.71192,41.39932],[71.72265,41.40728],[71.72301,41.41115],[71.71481,41.41634],[71.70601,41.43043],[71.7056,41.44442],[71.7287,41.43924],[71.73319,41.44095],[71.73455,41.44587],[71.74108,41.44596],[71.75006,41.43559],[71.75241,41.41305],[71.76196,41.41433],[71.76942,41.43454],[71.78081,41.44214],[71.78,41.44737],[71.78546,41.44259],[71.80039,41.44049],[71.80308,41.43403],[71.79402,41.42665],[71.79342,41.41409],[71.80516,41.39972],[71.80785,41.40134],[71.81285,41.3961],[71.81288,41.39299],[71.83135,41.38791],[71.83098,41.37724],[71.84123,41.37429],[71.83579,41.36847],[71.83427,41.35911],[71.84314,41.3526],[71.86627,41.34948],[71.87806,41.36487],[71.8829,41.36187],[71.88328,41.35697],[71.89295,41.35039],[71.89194,41.3456],[71.89575,41.34312],[71.8821,41.33507],[71.88363,41.33156],[71.90119,41.30825],[71.92522,41.2945],[71.91012,41.27947],[71.91294,41.26726],[71.91811,41.26545],[71.92036,41.26007],[71.91229,41.25071],[71.91188,41.24491],[71.9059,41.24509],[71.90158,41.23821],[71.87355,41.22146],[71.86158,41.20631],[71.85987,41.19431],[71.86288,41.19115],[71.87181,41.19154],[71.87318,41.18311],[71.88316,41.18043],[71.88637,41.16819],[71.90509,41.16068],[71.91421,41.16037],[71.91808,41.15618],[71.93535,41.15155],[71.94246,41.14556],[71.9518,41.14628],[71.96665,41.15511],[72.00892,41.15623],[72.01073,41.14623],[72.01514,41.14139],[72.04789,41.13247],[72.07089,41.11694],[72.09344,41.13541],[72.0967,41.14379],[72.11018,41.15434],[72.12432,41.15551],[72.13559,41.16292],[72.15318,41.15976],[72.1637,41.16419],[72.16868,41.16411],[72.17728,41.15649],[72.16621,41.14512],[72.14548,41.13762],[72.15101,41.13695],[72.14998,41.12558],[72.17875,41.11674],[72.17997,41.10662],[72.19018,41.10253],[72.19327,41.08669],[72.20206,41.07255],[72.2032,41.06478],[72.20785,41.06119],[72.21,41.05006],[72.20841,41.02792],[72.19759,41.03067],[72.18246,41.00666],[72.1621,41.01296],[72.15898,41.00544],[72.16575,41.00249],[72.17187,40.99507],[72.17182,40.98817],[72.17504,40.98839],[72.1797,40.98252],[72.17475,40.97311],[72.17738,40.95821],[72.16503,40.95123],[72.16726,40.94838],[72.16423,40.94675],[72.16185,40.94995],[72.15141,40.94571],[72.14776,40.93323],[72.15101,40.92742],[72.14774,40.91679],[72.13163,40.91252],[72.13067,40.90814],[72.13393,40.90749],[72.12526,40.88955],[72.11458,40.88304],[72.10304,40.88964],[72.10919,40.88177],[72.09879,40.8774],[72.09218,40.8783],[72.09075,40.88452],[72.08384,40.8841],[72.09025,40.88923],[72.0876,40.89411],[72.07545,40.89633],[72.06844,40.89096],[72.06042,40.89409],[72.0635,40.89942],[72.0542,40.89903],[72.04685,40.89208],[72.04872,40.88461],[72.039,40.8821],[72.03508,40.88422],[72.04423,40.88748],[72.0428,40.89162],[72.02978,40.88337],[72.02099,40.8854],[72.02263,40.88133],[72.01397,40.88223],[72.01071,40.89303],[72.00472,40.88723],[71.98523,40.89203],[71.97249,40.89034],[71.9672,40.90174],[71.96155,40.89755],[71.96273,40.89175],[71.95947,40.88969],[71.94323,40.8991],[71.9341,40.89738],[71.92915,40.91014],[71.91753,40.91196],[71.91202,40.91958],[71.89093,40.91223],[71.88649,40.91366],[71.88421,40.91655],[71.88687,40.92421],[71.88344,40.9257],[71.859,40.92194],[71.84704,40.91589],[71.82224,40.91875],[71.81244,40.90759],[71.8021,40.91374],[71.79493,40.90881],[71.79613,40.90001],[71.78349,40.90306],[71.78278,40.89948],[71.78864,40.89643],[71.78288,40.89367],[71.77056,40.89209],[71.76053,40.89904],[71.75785,40.89146],[71.75167,40.89502],[71.74412,40.89465],[71.72077,40.88276],[71.7053,40.88987],[71.69349,40.884],[71.68279,40.87118],[71.66958,40.86639],[71.65823,40.86943],[71.6552,40.86441],[71.6473,40.86241],[71.64067,40.85622],[71.63381,40.85674],[71.63428,40.85312],[71.63016,40.84966],[71.62328,40.85269],[71.62127,40.85044],[71.60884,40.85245],[71.57544,40.83007],[71.58229,40.82448],[71.54641,40.79669],[71.561,40.78583],[71.5816,40.75444],[71.495,40.73461],[71.48771,40.73893],[71.48754,40.73076],[71.47188,40.72812],[71.41195,40.7006],[71.36197,40.69347],[71.35147,40.68758],[71.34701,40.6808],[71.29365,40.65891],[71.27056,40.64319],[71.20295,40.66968],[71.16887,40.67859],[71.11577,40.70429],[71.06222,40.70736],[71.09756,40.76071],[71.08523,40.75625],[71.07846,40.75004],[71.05733,40.75298],[71.02988,40.74708],[71.02656,40.75222],[70.97668,40.73827],[70.97373,40.74002],[70.97568,40.75032],[70.96236,40.75851],[70.94601,40.75866],[70.94194,40.75112],[70.92261,40.75997],[70.90395,40.75044],[70.89303,40.73628],[70.88016,40.72902],[70.85201,40.7257],[70.83848,40.73246],[70.81569,40.72189],[70.79701,40.71875],[70.79345,40.7337],[70.78095,40.7438],[70.77903,40.74872],[70.76367,40.75837],[70.75072,40.7636],[70.72876,40.7647],[70.71109,40.77393],[70.66926,40.7852],[70.66617,40.79342],[70.67291,40.82788],[70.69108,40.80771],[70.71625,40.80623],[70.72701,40.80929],[70.7173,40.81827],[70.70261,40.81847],[70.69222,40.8249],[70.68137,40.83378],[70.68086,40.83977],[70.67177,40.84792],[70.64598,40.86308],[70.64131,40.88369],[70.63197,40.88776],[70.62759,40.89521],[70.61374,40.90165],[70.59819,40.92636],[70.59835,40.93283],[70.58905,40.93919],[70.58502,40.94919],[70.56762,40.96075],[70.56657,40.96793],[70.56025,40.97148],[70.55857,40.97774],[70.55346,40.98104],[70.53423,40.97992],[70.52039,40.98819],[70.51757,40.9999],[70.51226,41.00626],[70.51408,41.01058],[70.498,41.01716],[70.48533,41.02679],[70.48468,41.03382],[70.47322,41.04021],[70.4799,41.05792],[70.49357,41.07739],[70.49661,41.08866],[70.51847,41.09743],[70.49687,41.10888],[70.49573,41.11438],[70.48608,41.12306],[70.4592,41.13245],[70.44592,41.14233],[70.4383,41.15362],[70.45173,41.16189],[70.44891,41.17217],[70.43502,41.1847],[70.43451,41.1961],[70.42726,41.2039],[70.42593,41.23093],[70.43743,41.24819],[70.44816,41.25331],[70.44741,41.26061],[70.4154,41.26615],[70.38983,41.26163],[70.38718,41.2658],[70.38727,41.28928],[70.39378,41.29675],[70.39458,41.30802],[70.40083,41.31213],[70.41508,41.30793],[70.45994,41.34385],[70.4687,41.34627],[70.47636,41.35863],[70.4737,41.36484],[70.48849,41.37724],[70.49075,41.38917],[70.49614,41.39298],[70.49808,41.39976],[70.50527,41.40272],[70.51266,41.39868],[70.53788,41.4088],[70.55027,41.40892],[70.55315,41.4206],[70.56814,41.42626],[70.56638,41.43208],[70.5688,41.441],[70.59081,41.44523],[70.59373,41.45696],[70.60609,41.45211],[70.61938,41.45912],[70.63026,41.46081],[70.64362,41.45708],[70.6659,41.4703],[70.68547,41.47188],[70.69997,41.46633],[70.71742,41.46628],[70.7158,41.45275],[70.71919,41.44448],[70.73276,41.43538],[70.74204,41.42011],[70.75045,41.41579],[70.75627,41.4056],[70.7677,41.39885],[70.77876,41.38714],[70.78021,41.37847],[70.77612,41.37086],[70.78658,41.34833],[70.77973,41.34502],[70.77973,41.33726],[70.77545,41.33118],[70.78278,41.3283],[70.78316,41.32209],[70.76843,41.30454],[70.77599,41.29886],[70.77764,41.28839],[70.77607,41.27947],[70.76908,41.27418],[70.7704,41.26992],[70.76684,41.26705],[70.77463,41.25749],[70.77331,41.23677],[70.77027,41.22912],[70.76455,41.22511],[70.7634,41.2174],[70.77648,41.21421],[70.78655,41.19474],[70.78791,41.20232],[70.79652,41.21261],[70.79601,41.22543],[70.80046,41.23035],[70.8077,41.23198],[70.83381,41.25024],[70.85423,41.24991],[70.86857,41.23817],[70.87627,41.23587],[70.89202,41.21347],[70.90537,41.20782],[70.92169,41.1956],[70.93313,41.19346],[70.94297,41.17614],[70.96479,41.16578],[70.98224,41.17112],[70.98864,41.17765],[71.03738,41.192],[71.04862,41.18372],[71.07411,41.17573],[71.11846,41.14212],[71.13435,41.14841],[71.13887,41.15909],[71.14768,41.16089],[71.14215,41.17369],[71.15541,41.17961],[71.16406,41.17412],[71.17111,41.18839],[71.19641,41.19402],[71.22527,41.17919],[71.23037,41.18218],[71.23261,41.19282],[71.25923,41.18362],[71.26953,41.17047],[71.27596,41.16689],[71.27969,41.13315],[71.28862,41.13606],[71.29133,41.13396],[71.28768,41.13016],[71.28907,41.11938],[71.31179,41.13274],[71.31373,41.14929],[71.32397,41.16057],[71.34933,41.13531],[71.35247,41.12536],[71.37324,41.12138],[71.37302,41.1258],[71.38745,41.12656],[71.38778,41.12404],[71.38164,41.12594],[71.37873,41.11892],[71.38784,41.12092],[71.39593,41.1074],[71.43184,41.13255],[71.4514,41.15693],[71.44935,41.16477],[71.4444,41.16486],[71.44193,41.17192],[71.43611,41.17091],[71.43584,41.17843],[71.43291,41.17794],[71.42957,41.18496],[71.43057,41.18955],[71.4587,41.20748],[71.46095,41.2135],[71.45759,41.21529],[71.45689,41.22169],[71.4478,41.22505],[71.44979,41.23052],[71.44542,41.23495],[71.43617,41.23532],[71.43835,41.24251],[71.4344,41.25075],[71.4395,41.25562],[71.44104,41.25942],[71.43768,41.26198],[71.44412,41.27096],[71.43426,41.27631],[71.43344,41.28447],[71.46136,41.30469],[71.47394,41.3075],[71.48651,41.29625],[71.49787,41.29632],[71.51619,41.30725],[71.52921,41.29456],[71.53651,41.29373],[71.54161,41.29758],[71.54977,41.29203],[71.56005,41.29148],[71.57672,41.30032],[71.58149,41.3081],[71.58816,41.30845],[71.58727,41.31403],[71.59365,41.31666],[71.59956,41.3287],[71.61916,41.33893],[71.62817,41.33359],[71.63506,41.33532],[71.63771,41.3518],[71.64501,41.35553],[71.6602,41.38268],[71.65873,41.38929],[71.65025,41.39307],[71.65017,41.39848],[71.67495,41.4073],[71.67135,41.41132],[71.67948,41.41839],[71.67567,41.42324],[71.67597,41.43496],[71.67229,41.44447],[71.66305,41.4517],[71.6644,41.46365],[71.6591,41.46534],[71.65091,41.48215],[71.62915,41.47768],[71.62002,41.47258],[71.60174,41.47665],[71.61303,41.48153],[71.62048,41.49067],[71.62746,41.48685],[71.63507,41.48926],[71.65462,41.48533],[71.66523,41.49734],[71.6708,41.49847],[71.67693,41.51652],[71.69337,41.5283],[71.70153,41.5281],[71.69938,41.54262],[71.7092,41.54261],[71.72133,41.54828]]]]}},{"type":"Feature","properties":{"region_name":"Navoiy viloyati"},"geometry":{"type":"MultiPolygon","coordinates":[[[[65.00104,43.71541],[65.18255,43.49754],[65.53259,43.31476],[65.55934,43.28914],[65.7417,42.99987],[65.84431,42.8583],[66.09865,42.93806],[66.0944,42.56914],[66.08745,42.34726],[65.99905,42.36211],[65.99905,41.9375],[66.53495,41.87787],[66.60681,41.49519],[66.64423,41.34766],[66.70784,41.14166],[66.72578,41.14178],[66.72928,41.08356],[66.65767,41.08311],[66.65653,41.00061],[66.66857,40.92065],[66.67812,40.90877],[66.68388,40.90671],[66.74872,40.89564],[66.76646,40.84888],[66.7795,40.75394],[66.77862,40.738],[66.77176,40.71773],[66.75146,40.68848],[66.72818,40.67181],[66.7165,40.65833],[66.70875,40.62716],[66.69251,40.61247],[66.68532,40.60119],[66.68721,40.58385],[66.68006,40.56988],[66.66855,40.55753],[66.67165,40.54577],[66.665,40.53341],[66.66508,40.52767],[66.63873,40.5334],[66.63549,40.53553],[66.6371,40.53819],[66.62957,40.54056],[66.61804,40.54061],[66.58805,40.54921],[66.60139,40.56951],[66.58446,40.57968],[66.56837,40.58127],[66.56515,40.58967],[66.55738,40.59572],[66.55924,40.60929],[66.55261,40.6165],[66.53538,40.61785],[66.52252,40.62615],[66.51169,40.62287],[66.48659,40.63688],[66.47321,40.63748],[66.45211,40.64972],[66.44806,40.66797],[66.46661,40.67569],[66.46802,40.68181],[66.45982,40.69475],[66.4591,40.70688],[66.45054,40.70929],[66.44004,40.70864],[66.43737,40.70572],[66.39617,40.71997],[66.3937,40.71781],[66.34491,40.72328],[66.34435,40.72071],[66.3114,40.72713],[66.30972,40.72343],[66.31494,40.71904],[66.3137,40.70909],[66.31516,40.70505],[66.31905,40.70426],[66.31159,40.69735],[66.31709,40.6892],[66.30879,40.6839],[66.30764,40.66866],[66.28203,40.65299],[66.28396,40.64874],[66.27827,40.64719],[66.27399,40.64058],[66.26768,40.62058],[66.24431,40.61638],[66.24771,40.60666],[66.24312,40.60106],[66.24488,40.58986],[66.23359,40.57239],[66.23064,40.54895],[66.2261,40.53776],[66.22667,40.52219],[66.21981,40.50292],[66.22509,40.49066],[66.22809,40.48687],[66.23523,40.48637],[66.2363,40.48124],[66.22964,40.47966],[66.21415,40.48392],[66.20982,40.47283],[66.20126,40.46862],[66.19354,40.44659],[66.21924,40.44352],[66.21187,40.4184],[66.23379,40.41665],[66.21715,40.39139],[66.21656,40.386],[66.21271,40.38765],[66.20977,40.37478],[66.20071,40.36754],[66.19746,40.35979],[66.1948,40.36039],[66.19168,40.34992],[66.19477,40.34646],[66.19417,40.3259],[66.20109,40.30857],[66.19247,40.30708],[66.19073,40.29636],[66.16842,40.27657],[66.16611,40.25835],[66.15607,40.25135],[66.15721,40.24639],[66.14991,40.24109],[66.14636,40.23286],[66.14083,40.23158],[66.13752,40.22269],[66.14206,40.20778],[66.13972,40.18403],[66.13388,40.16734],[66.12634,40.16161],[66.13875,40.16043],[66.13373,40.15681],[66.16742,40.15026],[66.17611,40.16231],[66.17919,40.16184],[66.17778,40.16424],[66.18055,40.16402],[66.18192,40.15942],[66.18889,40.15487],[66.18078,40.14527],[66.17569,40.14414],[66.16807,40.13294],[66.16589,40.12444],[66.16984,40.1161],[66.15825,40.11631],[66.15636,40.11236],[66.16103,40.10024],[66.16041,40.08537],[66.15693,40.07861],[66.15102,40.06984],[66.13159,40.06231],[66.12969,40.05797],[66.11205,40.05413],[66.09997,40.05642],[66.09337,40.05116],[66.09118,40.04137],[66.08621,40.03865],[66.08273,40.04038],[66.08018,40.03458],[66.07561,40.03674],[66.07634,40.03234],[66.055,40.0339],[66.05266,40.02926],[66.04495,40.03692],[66.04178,40.03443],[66.03137,40.03818],[66.03046,40.03578],[66.01906,40.03536],[66.0152,40.02809],[66.00326,40.02973],[65.99893,40.02688],[65.99762,40.03179],[65.98935,40.03074],[65.98264,40.02475],[65.95996,40.01753],[65.95281,40.00916],[65.93389,40.01562],[65.92182,40.01594],[65.92032,40.02077],[65.91565,40.01829],[65.91578,40.0153],[65.9082,40.01896],[65.90041,40.01634],[65.89367,40.01799],[65.89485,40.01399],[65.88933,40.01525],[65.87503,40.00885],[65.87083,40.01151],[65.86513,40.00663],[65.84651,40.00834],[65.84515,40.01165],[65.83705,40.01214],[65.83756,40.01735],[65.82987,40.01951],[65.83075,40.02523],[65.82372,40.02309],[65.82663,40.02818],[65.81868,40.02725],[65.81849,40.03034],[65.81312,40.03007],[65.81226,40.03274],[65.80059,40.02992],[65.79452,40.03258],[65.78846,40.02793],[65.78629,40.03035],[65.78536,40.02815],[65.77376,40.02899],[65.75464,40.03661],[65.74813,40.03586],[65.74736,40.03873],[65.74153,40.03579],[65.73411,40.03819],[65.7364,40.0441],[65.72986,40.04503],[65.72673,40.04934],[65.71673,40.04684],[65.71454,40.05275],[65.70684,40.05407],[65.70597,40.05897],[65.69948,40.0555],[65.69042,40.05559],[65.68902,40.05896],[65.68425,40.05828],[65.6841,40.06268],[65.67977,40.0582],[65.67516,40.06281],[65.66805,40.06171],[65.66505,40.06618],[65.66666,40.07494],[65.67301,40.08243],[65.66462,40.0938],[65.65097,40.10293],[65.64857,40.10879],[65.63953,40.10992],[65.63734,40.10472],[65.63255,40.11071],[65.62467,40.11288],[65.62437,40.1098],[65.61591,40.1101],[65.61286,40.1194],[65.61022,40.11676],[65.60186,40.11837],[65.60361,40.12447],[65.60037,40.13294],[65.58548,40.13114],[65.57628,40.13838],[65.56931,40.13758],[65.57044,40.14148],[65.56326,40.13991],[65.55808,40.1452],[65.55319,40.14383],[65.55252,40.14768],[65.54668,40.148],[65.54888,40.15431],[65.54448,40.15977],[65.54721,40.16387],[65.53863,40.16378],[65.53282,40.17073],[65.52336,40.1631],[65.51186,40.16071],[65.51104,40.15767],[65.5182,40.15674],[65.51483,40.14431],[65.49046,40.12257],[65.49038,40.11659],[65.48141,40.10066],[65.46552,40.0856],[65.46498,40.07294],[65.4609,40.07291],[65.461,40.06852],[65.4549,40.06134],[65.44355,40.06112],[65.4408,40.05683],[65.44066,40.05149],[65.44477,40.04883],[65.47219,40.04518],[65.47601,40.03917],[65.4766,40.02817],[65.48538,40.01731],[65.48181,40.01444],[65.4834,40.00859],[65.47823,40.00106],[65.46143,39.99617],[65.45435,39.9877],[65.46422,39.98122],[65.46674,39.9724],[65.46327,39.96774],[65.47,39.95971],[65.4653,39.95956],[65.468,39.93866],[65.46501,39.93752],[65.45929,39.91797],[65.46236,39.90123],[65.45635,39.90168],[65.44983,39.90774],[65.44483,39.90516],[65.43004,39.91069],[65.42186,39.90993],[65.40535,39.91904],[65.38242,39.918],[65.34518,39.92323],[65.34634,39.92542],[65.33864,39.93079],[65.32729,39.93556],[65.31552,39.9333],[65.30433,39.92592],[65.29415,39.92482],[65.29331,39.91615],[65.28608,39.90788],[65.29252,39.90582],[65.27721,39.8919],[65.26706,39.88771],[65.23798,39.89209],[65.23731,39.88993],[65.15108,39.8832],[65.17444,39.8585],[65.17176,39.8568],[65.18395,39.84158],[65.17983,39.83924],[65.19231,39.83546],[65.19405,39.83132],[65.19069,39.82862],[65.20068,39.82489],[65.19488,39.82107],[65.20282,39.81756],[65.20028,39.81545],[65.21793,39.79465],[65.22179,39.79578],[65.22631,39.78519],[65.23753,39.74087],[65.23932,39.71575],[65.21241,39.59401],[65.24196,39.52023],[65.26585,39.48569],[65.13941,39.46321],[65.13148,39.46866],[65.13387,39.47084],[65.12451,39.52706],[65.11613,39.52877],[65.10779,39.55783],[64.84432,39.70444],[64.78659,39.72665],[64.8035,39.75016],[64.77662,39.76447],[64.78019,39.77046],[64.77803,39.77817],[64.76145,39.78428],[64.74085,39.78554],[64.7355,39.7977],[64.71191,39.80334],[64.7082,39.81556],[64.70229,39.82155],[64.67457,39.82604],[64.67666,39.84772],[64.66595,39.85911],[64.6582,39.86207],[64.63627,39.89064],[64.61985,39.9012],[64.61049,39.91584],[64.62561,39.94502],[64.65223,39.97866],[64.67549,39.98815],[64.68359,40.00338],[64.69632,40.01457],[64.70274,40.01287],[64.70439,40.01862],[64.71199,40.01457],[64.71185,40.01809],[64.72028,40.01872],[64.7266,40.02408],[64.73323,40.0227],[64.72958,40.02636],[64.73456,40.03102],[64.7389,40.03065],[64.73824,40.03497],[64.74712,40.04217],[64.7532,40.04608],[64.77536,40.05047],[64.7745,40.0638],[64.77923,40.07633],[64.78744,40.08003],[64.80669,40.10171],[64.80946,40.10588],[64.8066,40.11321],[64.81254,40.11666],[64.8087,40.1189],[64.82211,40.1358],[64.85427,40.14902],[64.87248,40.15072],[64.87408,40.15863],[64.8662,40.16453],[64.87612,40.16403],[64.88255,40.17082],[64.86774,40.19522],[64.86832,40.2133],[64.87257,40.21179],[64.88485,40.27244],[64.8518,40.28833],[64.84773,40.31773],[64.8507,40.33333],[64.86608,40.35816],[64.94072,40.36112],[65.01541,40.31721],[65.0236,40.31635],[65.01812,40.33101],[65.04155,40.41269],[65.02899,40.43313],[65.02304,40.47645],[64.9879,40.5296],[64.99116,40.53024],[64.98898,40.53361],[64.97724,40.53853],[64.98068,40.54875],[65.0221,40.53636],[65.03639,40.52691],[65.01432,40.51032],[65.05712,40.43007],[65.12647,40.36057],[65.13345,40.31682],[65.15362,40.31226],[65.18297,40.38872],[65.21945,40.39305],[65.243,40.46783],[65.24459,40.48811],[65.23498,40.49499],[65.24047,40.50973],[65.31045,40.50833],[65.36821,40.49734],[65.36667,40.51224],[65.35991,40.51592],[65.356,40.53487],[65.3577,40.59196],[65.36138,40.6175],[65.37882,40.64384],[65.38635,40.66329],[65.38477,40.68001],[65.36692,40.66448],[65.34129,40.66654],[65.27327,40.68113],[65.20897,40.6862],[65.16624,40.68623],[65.10541,40.68083],[65.0392,40.69074],[64.99978,40.69176],[64.89484,40.71399],[64.81577,40.74736],[64.79983,40.82472],[64.7773,40.96998],[64.74069,40.97107],[64.73458,40.95546],[64.73257,40.93828],[64.73993,40.91145],[64.71625,40.9048],[64.68808,40.90131],[64.64365,40.88961],[64.44341,40.88783],[64.43763,40.76956],[64.40534,40.76939],[64.36599,40.7776],[64.24574,40.78375],[64.09528,40.80041],[64.09717,40.861],[64.10463,40.9265],[64.06653,40.95093],[64.03015,40.96408],[64.01884,40.9629],[63.98598,40.94898],[63.84825,40.73384],[63.71707,40.7215],[63.71922,40.72825],[63.71236,40.75787],[63.71589,40.75986],[63.71777,40.775],[63.59991,40.84014],[63.56714,40.86213],[63.43754,40.93012],[63.43281,40.92523],[63.23393,41],[63.07209,41.04421],[62.9546,41.04751],[62.90721,41.1301],[62.80977,41.2575],[62.7754,41.28246],[62.68787,41.33394],[62.64553,41.37281],[62.57506,41.48785],[62.15024,41.40603],[61.99407,41.57226],[61.67915,41.89383],[61.70128,41.89433],[61.78,41.92789],[61.89019,41.96686],[61.95123,41.97851],[62.00379,41.99312],[61.86127,42.23002],[61.91538,42.56283],[62.20658,42.90854],[62.49875,43.24897],[62.24478,43.30122],[61.98897,43.51939],[62.12016,43.52048],[62.13499,43.51267],[62.44886,43.52784],[63.29647,43.65426],[63.85477,43.60032],[64.53239,43.5702],[64.93187,43.73516],[65.00104,43.71541]]]]}},{"type":"Feature","properties":{"region_name":"Toshkent shahri"},"geometry":{"type":"MultiPolygon","coordinates":[[[[69.35367,41.21716],[69.28122,41.16543],[69.27111,41.16346],[69.23418,41.16651],[69.20501,41.1761],[69.18685,41.19543],[69.18566,41.20498],[69.18143,41.20665],[69.18519,41.21116],[69.18144,41.21455],[69.18401,41.21683],[69.17292,41.21867],[69.17415,41.22832],[69.16473,41.236],[69.16677,41.24018],[69.16353,41.24977],[69.14755,41.26275],[69.14744,41.28138],[69.13126,41.2691],[69.12239,41.2669],[69.12278,41.26961],[69.13343,41.2789],[69.13501,41.28416],[69.13222,41.288],[69.14879,41.30528],[69.14738,41.31284],[69.15442,41.32155],[69.15506,41.32715],[69.15974,41.32812],[69.16272,41.3335],[69.16933,41.35719],[69.21125,41.38689],[69.23469,41.39821],[69.26096,41.39731],[69.28523,41.38389],[69.31676,41.38461],[69.32507,41.36976],[69.34431,41.35592],[69.35437,41.35473],[69.36341,41.36218],[69.37656,41.36127],[69.39236,41.36722],[69.40137,41.36291],[69.40553,41.36504],[69.4095,41.35767],[69.42069,41.36263],[69.42728,41.35809],[69.42513,41.3567],[69.42852,41.35262],[69.42484,41.34955],[69.42889,41.34487],[69.46253,41.34556],[69.46214,41.33996],[69.46897,41.33621],[69.42931,41.31041],[69.37975,41.26944],[69.37423,41.26228],[69.39278,41.24766],[69.39307,41.24243],[69.35367,41.21716]]],[[[69.45242,41.42248],[69.46201,41.41915],[69.46457,41.41194],[69.46902,41.41372],[69.46426,41.40935],[69.46884,41.4064],[69.45224,41.40041],[69.44601,41.40384],[69.44115,41.41556],[69.44577,41.42079],[69.45242,41.42248]]]]}},{"type":"Feature","properties":{"region_name":"Toshkent viloyati"},"geometry":{"type":"MultiPolygon","coordinates":[[[[71.06702,42.29098],[71.07329,42.28462],[71.08991,42.28447],[71.10758,42.27437],[71.11673,42.27584],[71.12422,42.28123],[71.13173,42.28094],[71.14662,42.26459],[71.18125,42.24888],[71.19011,42.24185],[71.2023,42.24167],[71.20722,42.23635],[71.20483,42.22729],[71.21034,42.22319],[71.22473,42.22275],[71.2351,42.22777],[71.24226,42.22764],[71.25054,42.21043],[71.26838,42.20454],[71.26633,42.19542],[71.25115,42.18292],[71.25665,42.16914],[71.23721,42.15483],[71.22438,42.15006],[71.22314,42.13811],[71.20389,42.13679],[71.19134,42.14389],[71.17332,42.14111],[71.16304,42.13844],[71.15415,42.13195],[71.13907,42.13167],[71.13133,42.11809],[71.10359,42.11374],[71.10339,42.1034],[71.09899,42.09718],[71.08402,42.09377],[71.06939,42.08589],[71.05426,42.08555],[71.04869,42.0812],[71.04501,42.06959],[71.03852,42.06269],[71.02956,42.06613],[71.02391,42.06131],[71.0111,42.06021],[71.00811,42.05678],[71.01272,42.05065],[70.99176,42.03331],[70.94695,42.03155],[70.92922,42.03513],[70.91598,42.04166],[70.90223,42.04003],[70.88934,42.05337],[70.87933,42.04786],[70.86506,42.05373],[70.861,42.04181],[70.85544,42.03599],[70.85914,42.02682],[70.84249,42.01262],[70.84315,42.0063],[70.83987,42.00082],[70.85207,41.98816],[70.84888,41.97862],[70.85091,41.96231],[70.85542,41.95534],[70.85499,41.94636],[70.83644,41.92551],[70.81877,41.92688],[70.80497,41.92319],[70.79115,41.9294],[70.77993,41.92749],[70.7588,41.93767],[70.75769,41.92024],[70.75067,41.91344],[70.7376,41.91503],[70.72616,41.92124],[70.71381,41.92164],[70.68125,41.9153],[70.66281,41.90719],[70.66058,41.89516],[70.63935,41.87202],[70.62842,41.8549],[70.6015,41.84933],[70.59593,41.81902],[70.57598,41.81769],[70.56828,41.81146],[70.52856,41.79819],[70.51928,41.78958],[70.50858,41.77279],[70.50454,41.75366],[70.50722,41.73696],[70.49785,41.72041],[70.46792,41.72123],[70.45143,41.70364],[70.3916,41.68146],[70.36917,41.64817],[70.3382,41.63764],[70.30863,41.63459],[70.30015,41.63021],[70.29459,41.62298],[70.27937,41.61907],[70.26527,41.60664],[70.24283,41.61687],[70.22939,41.61159],[70.21379,41.61175],[70.21037,41.60528],[70.2161,41.59306],[70.21052,41.57584],[70.19232,41.56956],[70.18958,41.56356],[70.18118,41.55956],[70.18764,41.54591],[70.18173,41.52943],[70.17346,41.52465],[70.17024,41.51591],[70.21266,41.50466],[70.2218,41.49593],[70.23499,41.49262],[70.26764,41.49911],[70.27825,41.51265],[70.30223,41.52156],[70.32653,41.50148],[70.34812,41.49325],[70.36376,41.49323],[70.37228,41.48392],[70.37919,41.46826],[70.39767,41.47119],[70.40683,41.46903],[70.41603,41.4577],[70.43744,41.44774],[70.46208,41.42789],[70.47015,41.41759],[70.46997,41.40957],[70.49708,41.39587],[70.49075,41.38917],[70.48849,41.37724],[70.4737,41.36484],[70.47636,41.35863],[70.4687,41.34627],[70.45994,41.34385],[70.41508,41.30793],[70.40083,41.31213],[70.39458,41.30802],[70.39378,41.29675],[70.38727,41.28928],[70.38654,41.26938],[70.38983,41.26163],[70.4154,41.26615],[70.44741,41.26061],[70.44816,41.25331],[70.43743,41.24819],[70.42593,41.23093],[70.42726,41.2039],[70.43451,41.1961],[70.43502,41.1847],[70.44891,41.17217],[70.45173,41.16189],[70.4383,41.15362],[70.44592,41.14233],[70.4592,41.13245],[70.48608,41.12306],[70.49573,41.11438],[70.49687,41.10888],[70.51847,41.09743],[70.49661,41.08866],[70.49357,41.07739],[70.4799,41.05792],[70.47322,41.04021],[70.47042,41.04223],[70.4541,41.03843],[70.44355,41.04429],[70.40078,41.02914],[70.3764,41.00418],[70.38384,40.97669],[70.38882,40.9729],[70.38837,40.95464],[70.38072,40.94578],[70.37011,40.94428],[70.3787,40.91851],[70.37231,40.89857],[70.3406,40.88369],[70.33489,40.8829],[70.32802,40.88715],[70.27919,40.87112],[70.27258,40.86439],[70.26727,40.85089],[70.20025,40.82046],[70.19514,40.82664],[70.18122,40.83394],[70.16349,40.83555],[70.1401,40.82514],[70.12664,40.8226],[70.12015,40.81746],[70.12538,40.80793],[70.11534,40.7879],[70.0975,40.78051],[70.06681,40.75372],[70.04014,40.75404],[70.0332,40.74481],[70.00385,40.73668],[69.97495,40.73928],[69.96385,40.73175],[69.96203,40.72601],[69.95061,40.72644],[69.93462,40.71724],[69.91765,40.722],[69.89567,40.7198],[69.88547,40.72494],[69.87417,40.71612],[69.84416,40.70821],[69.83419,40.70191],[69.82305,40.70193],[69.81553,40.70912],[69.79542,40.70164],[69.77413,40.67566],[69.77277,40.66796],[69.75969,40.65624],[69.76127,40.65049],[69.75597,40.64534],[69.74142,40.64416],[69.72191,40.63121],[69.70199,40.62821],[69.66665,40.635],[69.66241,40.65344],[69.65027,40.67165],[69.6248,40.67989],[69.61612,40.6896],[69.58844,40.70091],[69.57457,40.72025],[69.57328,40.73689],[69.56054,40.75202],[69.54138,40.76597],[69.52265,40.77303],[69.50455,40.77333],[69.49248,40.78118],[69.45873,40.79263],[69.39377,40.7946],[69.38851,40.78692],[69.37942,40.78674],[69.37366,40.79061],[69.36843,40.78798],[69.34743,40.77499],[69.35286,40.77005],[69.35453,40.7631],[69.35912,40.76089],[69.3575,40.75593],[69.36198,40.75355],[69.3594,40.74987],[69.36466,40.74406],[69.3598,40.73949],[69.36301,40.73427],[69.35124,40.7321],[69.35608,40.72668],[69.34913,40.72669],[69.34605,40.72268],[69.34743,40.69294],[69.33989,40.66928],[69.33908,40.64305],[69.34851,40.61142],[69.34716,40.58526],[69.34395,40.58082],[69.32743,40.58011],[69.32192,40.57583],[69.28828,40.57982],[69.27253,40.5708],[69.26205,40.57526],[69.25633,40.56739],[69.22647,40.54874],[69.21256,40.54649],[69.21205,40.54092],[69.22119,40.53642],[69.2214,40.53012],[69.23129,40.52265],[69.24075,40.52003],[69.24868,40.51002],[69.25711,40.50682],[69.26341,40.49975],[69.28023,40.49295],[69.27891,40.48893],[69.27248,40.48779],[69.27041,40.48423],[69.27313,40.47946],[69.26684,40.4754],[69.27236,40.46804],[69.26836,40.45951],[69.27893,40.45289],[69.2834,40.44567],[69.28191,40.43774],[69.28546,40.43395],[69.28642,40.42357],[69.28408,40.4197],[69.29894,40.41154],[69.29185,40.40185],[69.29335,40.39505],[69.3071,40.38664],[69.30774,40.37972],[69.30387,40.37528],[69.30324,40.36805],[69.31686,40.35646],[69.33643,40.34886],[69.34069,40.33902],[69.33822,40.32116],[69.32784,40.30778],[69.32854,40.29755],[69.32314,40.29298],[69.31156,40.29063],[69.30699,40.28618],[69.30741,40.28194],[69.2498,40.30327],[69.24707,40.29529],[69.25475,40.29182],[69.25653,40.28751],[69.24708,40.2773],[69.25053,40.27127],[69.26128,40.26596],[69.26532,40.25836],[69.30139,40.24468],[69.2971,40.23379],[69.28863,40.22581],[69.29023,40.21795],[69.29881,40.20759],[69.30048,40.19647],[69.30563,40.19507],[69.30448,40.18832],[69.2753,40.20075],[69.26133,40.19994],[69.24683,40.20731],[69.22914,40.2075],[69.19762,40.2138],[69.17109,40.21109],[69.16194,40.21678],[69.16394,40.22251],[69.15946,40.22295],[69.15353,40.23167],[69.14173,40.2387],[69.1332,40.25827],[69.12424,40.26181],[69.12178,40.27046],[69.11535,40.2738],[69.11343,40.28074],[69.08321,40.30382],[69.07412,40.31895],[69.07336,40.35772],[69.08601,40.37067],[69.07756,40.37855],[69.07975,40.38978],[69.07618,40.39795],[69.08801,40.402],[69.09731,40.4124],[69.10896,40.41901],[69.11783,40.43181],[69.11467,40.44871],[69.10483,40.45693],[69.10206,40.47362],[69.08478,40.48318],[69.0867,40.4907],[69.10487,40.49618],[69.10699,40.50236],[69.09655,40.50751],[69.08082,40.50247],[69.06643,40.50211],[69.06752,40.50622],[69.0769,40.5125],[69.08065,40.52101],[69.07815,40.56303],[69.06258,40.56451],[69.05561,40.57708],[69.05114,40.57949],[69.04257,40.57861],[69.03953,40.57097],[69.03434,40.56857],[69.02298,40.57629],[69.03251,40.58297],[69.03506,40.59089],[69.04245,40.59467],[69.05141,40.59199],[69.05439,40.58083],[69.06409,40.58168],[69.08702,40.59253],[69.09013,40.59951],[69.08852,40.605],[69.06837,40.61096],[69.05377,40.62367],[69.06183,40.63622],[69.0535,40.64284],[69.03711,40.64753],[69.00405,40.6412],[68.9881,40.64414],[68.98734,40.64836],[69.00451,40.66217],[69.00497,40.6681],[68.99208,40.6712],[68.96409,40.66535],[68.95458,40.67079],[68.9533,40.67581],[68.9639,40.68334],[68.95132,40.69865],[68.95002,40.71134],[68.93422,40.71463],[68.92157,40.71334],[68.91114,40.71795],[68.9063,40.72838],[68.90743,40.73761],[68.9038,40.74991],[68.89354,40.77168],[68.87109,40.78698],[68.82837,40.79369],[68.82358,40.80022],[68.83001,40.8125],[68.82634,40.81795],[68.80679,40.82046],[68.79117,40.83138],[68.76592,40.83779],[68.75443,40.8499],[68.73205,40.84534],[68.72695,40.85299],[68.7409,40.86349],[68.74076,40.87274],[68.72969,40.87318],[68.71967,40.85997],[68.70876,40.86478],[68.7095,40.87261],[68.72103,40.88565],[68.7211,40.8907],[68.7108,40.89349],[68.70501,40.89962],[68.69214,40.90556],[68.68369,40.91852],[68.66356,40.9231],[68.64715,40.93533],[68.64229,40.94306],[68.65077,40.94292],[68.66633,40.9576],[68.67671,40.9623],[68.68432,40.96129],[68.68417,40.96395],[68.69753,40.96722],[68.71132,40.96428],[68.73674,40.97385],[68.7417,40.98152],[68.74946,40.98154],[68.74746,40.99021],[68.75831,40.9973],[68.75261,41.00326],[68.76115,41.0064],[68.75477,41.01187],[68.74706,41.00593],[68.74265,41.0063],[68.72264,41.02914],[68.71558,41.03169],[68.73183,41.05644],[68.80944,41.11804],[68.91434,41.1736],[68.91558,41.18173],[68.93294,41.1824],[68.93796,41.18957],[68.99166,41.21362],[68.99798,41.22544],[68.99382,41.23033],[69.00017,41.23806],[69.01134,41.22714],[69.02533,41.22351],[69.0315,41.22565],[69.02686,41.23099],[69.02977,41.23938],[69.02165,41.24586],[69.03782,41.25277],[69.04073,41.26424],[69.01777,41.27347],[69.0143,41.2902],[69.01861,41.29818],[69.0267,41.29793],[69.02977,41.30275],[69.03794,41.3014],[69.04619,41.3098],[69.04086,41.32667],[69.04881,41.35022],[69.0315,41.3513],[69.02286,41.35551],[69.03363,41.36327],[69.04126,41.36608],[69.04969,41.36445],[69.05249,41.36849],[69.0789,41.37742],[69.08875,41.36882],[69.0786,41.35762],[69.0959,41.35725],[69.09886,41.37136],[69.11344,41.39164],[69.12734,41.38947],[69.14937,41.39352],[69.15176,41.38674],[69.15515,41.38664],[69.1754,41.40303],[69.1683,41.40531],[69.1607,41.42409],[69.15039,41.42909],[69.15446,41.43277],[69.16505,41.43415],[69.16607,41.43854],[69.17185,41.44114],[69.17828,41.437],[69.18586,41.45252],[69.19399,41.45432],[69.19853,41.45203],[69.20266,41.45556],[69.20504,41.45377],[69.2234,41.4592],[69.22629,41.46268],[69.23513,41.45877],[69.24995,41.46622],[69.26171,41.45272],[69.27864,41.44915],[69.29631,41.43566],[69.30104,41.43949],[69.31396,41.44001],[69.32244,41.44993],[69.32714,41.44969],[69.33466,41.45744],[69.34484,41.45885],[69.34602,41.46266],[69.35486,41.46755],[69.35479,41.47269],[69.37972,41.46536],[69.41166,41.47036],[69.41654,41.46555],[69.41522,41.46346],[69.42757,41.46177],[69.45715,41.46455],[69.45945,41.46792],[69.45684,41.4689],[69.45442,41.48662],[69.45701,41.48879],[69.43959,41.48731],[69.43373,41.49286],[69.41752,41.4999],[69.40118,41.50216],[69.39766,41.50607],[69.40684,41.52407],[69.42755,41.54],[69.44886,41.56967],[69.46078,41.57042],[69.47493,41.56056],[69.48098,41.55041],[69.49298,41.55246],[69.50216,41.54956],[69.52908,41.56457],[69.55134,41.57125],[69.55089,41.57506],[69.53837,41.58109],[69.54,41.58783],[69.55902,41.59829],[69.56708,41.61442],[69.58048,41.62526],[69.58418,41.63367],[69.60098,41.64649],[69.60852,41.64877],[69.61895,41.66315],[69.66033,41.66984],[69.66887,41.66811],[69.68053,41.6764],[69.69008,41.67306],[69.70282,41.6745],[69.71365,41.67871],[69.71594,41.68343],[69.72115,41.68402],[69.7377,41.69874],[69.77509,41.69768],[69.78694,41.70015],[69.79755,41.70719],[69.82081,41.7114],[69.83563,41.71937],[69.85037,41.71894],[69.87792,41.70691],[69.89743,41.70884],[69.92182,41.71581],[69.92493,41.72679],[69.93882,41.72635],[69.95632,41.73288],[69.96018,41.74302],[69.95914,41.75145],[69.97159,41.76159],[69.97414,41.7757],[70.00304,41.78864],[70.00788,41.79293],[70.00729,41.79991],[70.0218,41.79679],[70.02169,41.78632],[70.0288,41.78658],[70.03639,41.78169],[70.05158,41.78164],[70.04989,41.79196],[70.05511,41.80346],[70.06773,41.80537],[70.07893,41.81116],[70.09581,41.82525],[70.10366,41.83788],[70.11747,41.83707],[70.12569,41.84264],[70.1371,41.84448],[70.14854,41.83744],[70.15584,41.84246],[70.15746,41.84957],[70.17746,41.85634],[70.18371,41.86602],[70.18059,41.88166],[70.19643,41.88922],[70.19475,41.90516],[70.20902,41.90509],[70.2185,41.91467],[70.2254,41.91702],[70.22292,41.92668],[70.23143,41.93662],[70.25725,41.94865],[70.26146,41.95373],[70.2684,41.95143],[70.33508,41.97583],[70.33721,41.98293],[70.32925,41.99688],[70.33345,42.01691],[70.32356,42.02732],[70.32117,42.03476],[70.32239,42.04006],[70.33121,42.04154],[70.33124,42.04809],[70.35041,42.05106],[70.3569,42.05752],[70.36287,42.05741],[70.37222,42.06385],[70.37341,42.06967],[70.40338,42.0701],[70.42258,42.08322],[70.44252,42.09153],[70.45806,42.08558],[70.46817,42.09479],[70.47655,42.10912],[70.50182,42.09791],[70.51111,42.0828],[70.52932,42.08497],[70.54336,42.07654],[70.55811,42.04523],[70.55065,42.03212],[70.56188,42.022],[70.60593,42.00641],[70.63903,42.01647],[70.64156,42.02022],[70.63979,42.02544],[70.65064,42.04189],[70.65767,42.06217],[70.67943,42.08819],[70.67819,42.09767],[70.68882,42.12105],[70.70852,42.13042],[70.71751,42.14326],[70.72483,42.14757],[70.72752,42.15683],[70.75351,42.16897],[70.75166,42.17476],[70.73909,42.18047],[70.73986,42.1855],[70.75157,42.19246],[70.76268,42.19158],[70.77244,42.20101],[70.79404,42.20892],[70.82002,42.20279],[70.83324,42.1956],[70.84806,42.19627],[70.85561,42.20782],[70.8682,42.21207],[70.88614,42.21201],[70.88858,42.21568],[70.88691,42.22028],[70.89718,42.2211],[70.90929,42.22661],[70.91264,42.2357],[70.9254,42.23652],[70.92914,42.24603],[70.94563,42.2631],[70.95792,42.25764],[70.98795,42.25263],[71.00187,42.25737],[71.00856,42.27502],[71.0268,42.29313],[71.0454,42.29009],[71.06175,42.29456],[71.06702,42.29098]],[[69.45202,41.42248],[69.44115,41.41556],[69.44601,41.40384],[69.45224,41.40041],[69.46884,41.4064],[69.46426,41.40935],[69.46858,41.41415],[69.46457,41.41194],[69.4616,41.41949],[69.45202,41.42248]],[[69.22751,41.39472],[69.21125,41.38689],[69.16905,41.35686],[69.16272,41.3335],[69.15974,41.32812],[69.15506,41.32715],[69.15442,41.32155],[69.14738,41.31284],[69.14879,41.30528],[69.13222,41.288],[69.13501,41.28416],[69.13343,41.2789],[69.12223,41.26695],[69.13153,41.26925],[69.14744,41.28138],[69.14755,41.26275],[69.16353,41.24977],[69.16677,41.24018],[69.16473,41.236],[69.17415,41.22832],[69.17292,41.21867],[69.18401,41.21683],[69.18144,41.21455],[69.18519,41.21116],[69.18143,41.20665],[69.18566,41.20498],[69.18652,41.19587],[69.20501,41.1761],[69.23371,41.16662],[69.27111,41.16346],[69.28222,41.1659],[69.39307,41.24243],[69.39278,41.24766],[69.37423,41.26228],[69.37975,41.26944],[69.42931,41.31041],[69.46903,41.33628],[69.46214,41.33996],[69.46253,41.34556],[69.42552,41.34655],[69.42852,41.35262],[69.42513,41.3567],[69.42728,41.35809],[69.42069,41.36263],[69.4095,41.35767],[69.40553,41.36504],[69.40137,41.36291],[69.39236,41.36722],[69.37656,41.36127],[69.36341,41.36218],[69.35695,41.35576],[69.35074,41.35463],[69.34431,41.35592],[69.32526,41.36959],[69.3163,41.38477],[69.28454,41.38402],[69.25845,41.39786],[69.23666,41.39852],[69.22751,41.39472]]]]}}]}